id,comment,exports,category,order,weblink,tips,name,type,ref,is_linkable,ff_manual,ff_custom,fe_custom,param_order,param_info,dev_only,api_target,syntax_tooltip,ResourceLevel,Division,SearchKey
"图元id
（不可重复）
（不可删除）",图元注释,"-1 不导出
1 仅在FF导出
2 仅在FE导出

留空或0全部导出","分类 (支持多级分类)
event
game/xxx
等",排序-数字越大越靠前,图元帮助连接(configid),"如果设置的话会覆盖meta中的描述key
对于手工导出的图元则必须指定","名字
（不可重复）
（改变可导致数据损坏，一旦上线后不可变）
（程序填写）","导出方式1-event|2-action|3-data|4-enum
（程序填写）","参考api
（程序填写）","该图元下是否能连接其他图元
（程序填写）","是否采用手工导出
（程序填写）","ff 特殊功能或图元
（程序填写）","fe 特殊功能或图元
'-' 表示fe程序原因不导出
（程序填写）","参数顺序
参数序号根据meta定义从1开始
竖线代表换行
分号代表参数分隔
如果是0则表示隐藏所有参数","参数信息及默认值
参数序号根据meta定义从1开始
格式为-参数序号:slot表现类型=默认值
默认是slot类型
带有Enum_表示这个枚举采用嵌入图元的方式",是否在正式版隐藏  0-不变 1-FF（仅在非线上环境显示） 2-FE（无功能） 3-Both,控制该行 API 从属于哪个端。会覆盖元数据 ApiTarget 字段。 2. 服务器 1. 客户端 0. 服务器+客户端（默认）,脚本化相关。用于悬浮显示关键字或语法糖在FCG脚本中的使用方法。,"资源权限等级
public（或不填）：公开资源
internal：仅白名单可用资源",用于配置从属分类，格式：从属大分类_从属小分类,用于搜索中对特写图元的名称匹配，另，对非特写图元，将在搜索时覆盖其label作为匹配内容
1,游戏开始时,,event/1,,,,OnMatchStart,1,OnMatchStart,TRUE,,,,,,,,,,event,
2,游戏结束时,,event/1,,,,OnMatchEnd,1,OnMatchEnd,TRUE,,,,,,3,,,,event,
3,回合开始时,,event/1,,,,OnRoundStart,1,OnRoundStart,TRUE,,,,,,,,,,event,
4,回合结束时,,event/1,,,,OnRoundEnd,1,OnRoundEnd,TRUE,,,,,,,,,,event,
5,阶段开始时,,event/1,,,,OnPhaseStart,1,OnPhaseStart,TRUE,,,,,,,,,,event,
6,阶段结束时,,event/1,,,,OnPhaseEnd,1,OnPhaseEnd,TRUE,,,,,,,,,,event,
7,玩家退出时,,event/1,,,,OnUserQuit,1,OnUserQuit,TRUE,,,,,,,,,,event,
8,【废弃】玩家积分改变时,,event/2,,,,OnPlayerRoundScoreChange,1,OnPlayerRoundScoreChange,TRUE,,,,,,1,,,,event,
9,【废弃】队伍积分改变时,,event/2,,,,OnTeamRoundScoreChange,1,OnTeamRoundScoreChange,TRUE,,,,,,1,,,,event,
10,玩家死亡时,,event/1,,,,OnPlayerDead,1,OnPlayerDead,TRUE,,,,,,,,,,event,
11,玩家助攻时,,event/1,,,,OnPlayerAssist,1,OnPlayerAssist,TRUE,,,,,,,,,,event,
12,玩家造成伤害时,,event/1,,,,OnPlayerDamage,1,OnPlayerDamage,TRUE,,,,,,,,,,event,
13,玩家击杀时,,event/1,,,,OnPlayerKill,1,OnPlayerKill,TRUE,,,,,,,,,,event,
14,玩家加入游戏时,,event/1,,,,OnPlayerAdd,1,OnPlayerAdd,TRUE,,,,,,,,,,event,
15,玩家复活时,,event/1,,,,OnPlayerRevive,1,OnPlayerRevive,TRUE,,,,,,,,,,event,
16,当移除队伍时,,event/1,,,,OnRemoveTeam,1,OnRemoveTeam,TRUE,,,,,,3,,,,event,
17,当添加队伍时,,event/1,,,,OnAddTeam,1,OnAddTeam,TRUE,,,,,,3,,,,event,
18,当队伍被团灭时,,event/1,,,,OnTeamACE,1,OnTeamACE,TRUE,,,,,,,,,,event,
10013,If,,logic,102,,,If,2,,TRUE,TRUE,,if,,,,,,,condition,T_49_SD_SEARCHKEY_IF
10014,IfElse,,logic,101,,,IfElse,2,,TRUE,TRUE,,ifelse,,,,,,,condition,T_49_SD_SEARCHKEY_IFELSE
21,ForEach,,logic,,,T_34_WZ_WS_LOGIC7_NAMEDESC,ForEach,2,,TRUE,TRUE,P2=P3.T0,loop_foreach,,,,,"for index , value in range",,condition,T_49_SD_SEARCHKEY_FOREACH
22,For,,logic,,,T_34_WZ_WS_LOGIC6_NAMEDESC,For,2,,TRUE,TRUE,,loop_forindex,,,,,"for i = begin, max, step",,condition,T_49_SD_SEARCHKEY_FOR
23,While,,logic,,,T_34_WZ_WS_LOGIC8_NAMEDESC,While,2,,TRUE,TRUE,,loop_while,,,,,while,,condition,T_49_SD_SEARCHKEY_WHILE
24,打断-退出循环,,logic,,,,ProcessCtlBreak,2,ProcessCtlBreak,,,,loop_break,,,,,break,,condition,T_49_SD_SEARCHKEY_BREAK
25,跳转到下一次循环,,logic,,,,ProcessCtlContinue,2,ProcessCtlContinue,,,,loop_continue,,,,,continue,,condition,T_49_SD_SEARCHKEY_CONTINUE
26,返回,,function,,,T_34_WZ_WS_LOGIC11_NAMEDESC,ProcessCtlReturnVoid,2,ProcessCtlReturn,,,,function_return,0,,,,,,function,T_49_SD_SEARCHKEY_RETURN
27,切换游戏阶段,,game/2,,,,SetFSMNextPhase,2,SetFSMNextPhase,TRUE,,,,,FE_1:PhaseIndex,,,,,module/18,
28,打开毒圈,,game/2,399,,,OpenSafeZone,2,OpenSafeZone,TRUE,,,,1;2|3;4;5,,,,,,module/39,
29,关闭毒圈,,game/2,398,,,CloseSafeZone,2,CloseSafeZone,TRUE,,,,,,,,,,module/39,
30,等待秒,,game/1,490,,,WaitForSeconds,2,WaitForSeconds,TRUE,,,,,,,,,,action/1,
31,等待下一帧,,game/2,,,,WaitForNextFrame,2,WaitForNextFrame,TRUE,,,,,,,,,,action/1,
32,创建内置HUD,,game/3,,,,CreateInternalHud,2,CreateInternalHud,TRUE,,P3=P2.EnumToType,P1=P3.InternalHudType,,FE_3:InternalHudType,,,,,action/22,
33,【废弃】移除内置HUD,,game/3,,,,RemoveInternalHud,2,RemoveInternalHud,TRUE,,,,,,3,,,,action/22,
34,创建自定义HUD,1,game/1,500,,,CreateCustomHud,2,CreateCustomHud,TRUE,TRUE,,,,3:Enum_CustomHud;FE_3:CustomHudID,,,,,action/22,
35,【废弃】移除自定义HUD,,game/1,499,,,RemoveCustomHud,2,RemoveCustomHud,TRUE,,,,,,3,,,,action/22,
36,【废弃】创建特效,,game/3,,,,CreateEffectEntityPlayer,2,CreateEffectEntity,TRUE,,,,,3:EffectType;1:PresentEffect,3,,,,action/1,
37,【废弃】创建特效-全体,,game/3,388,,,CreateEffectEntity,2,CreateEffectEntity,TRUE,,,,1;3,3:EffectType;1:PresentEffect,3,,,,action/1,
38,【废弃】移除特效,,game/3,387,,,RemoveEffectEntity,2,RemoveEffectEntity,TRUE,,,,,,3,,,,action/1,
39,【废弃】创建文本,,game/3,,,,CreateTextEntityPlayer,2,CreateTextEntity,TRUE,,,,,1:PresentText,3,,,,action/1,
40,【废弃】创建文本-全体,,game/3,377,,,CreateTextEntity,2,CreateTextEntity,TRUE,,,,1;3,1:PresentText,3,,,,action/1,
41,【废弃】移除文本,,game/3,376,,,RemoveTextEntity,2,RemoveTextEntity,TRUE,,,,,,3,,,,action/1,
42,【废弃】创建图标,,game/3,,,,CreateIconEntityPlayer,2,CreateIconEntity,TRUE,,,,,3:IconType;1:PresentIcon,3,,,,action/1,
43,【废弃】创建图标-全体,,game/3,366,,,CreateIconEntity,2,CreateIconEntity,TRUE,,,,1;3,3:IconType;1:PresentIcon,3,,,,action/1,
44,【废弃】移除图标,,game/3,365,,,RemoveIconEntity,2,RemoveIconEntity,TRUE,,,,,,3,,,,action/1,
45,设置玩家是否可以移动,,game/2,489,,,SetMatchCanMove,2,SetMatchCanMove,TRUE,,,,,,,,,,action/1,
46,修改元素-数组,,data/3,78,,,SetArrayElementByIndex,2,ListSetElement,TRUE,,P3=P1.T0,P3=P1.T0,,,,,ListName[Index] = Value,,data/2,T_49_SD_SEARCHKEY_LISTSET
47,添加元素-数组,,data/3,77,,,ListAppend,2,ListAppend,TRUE,,P2=P1.T0,P2=P1.T0,,,,,,,data/2,T_49_SD_SEARCHKEY_LISTAPPEND
48,删除元素-数组,,data/3,76,,,ListRemove,2,ListRemove,TRUE,,,,,,,,,,data/2,T_49_SD_SEARCHKEY_LISTDELETE
49,创建物件,,entity/3,,,,CreateLevelObject,2,CreateLevelObject,TRUE,,,P1=LevelObject P3.ItemIDToType,,3:DynamicCreateItemID,,,,,action/26,
50,【废弃】删除物件,,entity/3,,,,RemoveLevelObject,2,RemoveLevelObject,TRUE,,,,,1:EntityGetter,3,,,,action/26,
51,打印日志,,game/1,444,,,PrintString,2,PrintString,TRUE,,,,,,2,,,,action/1,
52,给玩家添加道具,,entity/3,,,,AddItemToCharacter,2,AddItemToCharacter,TRUE,,,,,2:ItemGoodsIDType;FE_2:ItemID,,,,,action/15,
53,播放音效,,game/3,,,,NotifyPlaySound,2,NotifyPlaySound,TRUE,,,,,2:AudioType;FE_2:AudioID,,,,,action/1,
54,ConstFloatOrInt,,data/1,100,,T_34_LY_WS_VAL_DESC,ConstFloatOrInt,3,,,TRUE,,-,,,,,,,data/10000,
55,ConstString,,data/1,99,,T_48_JH_WS_STRINGDESC,ConstString,3,,,TRUE,,input_text,,,,,,,data/10000,T_49_SD_SEARCHKEY_TEXT
56,ConstVector3,,data/1,98,,T_34_LY_WS_VEC_DESC,ConstVector3,3,NewVector,,TRUE,,,,,,,"Vector3{x,y,z}",,data/10000,
57,ConstBool,,data/1,97,,T_36_WZY_WS_LOGOPER,ConstBool,3,,,TRUE,,logic_boolean,,,,,,,data/10000,T_49_SD_SEARCHKEY_BOOL
10033,FE constPI,2,data/1,,,,ConstPI,,,,,,input_pi,,,,,NaturalConst.Pi,,data/10000,T_49_SD_SEARCHKEY_PI
10034,FE constE,2,data/1,,,,ConstE,,,,,,input_e,,,,,NaturalConst.E,,data/10000,T_49_SD_SEARCHKEY_E
58,ColorGetter,,data/1,96,,T_34_LY_WS_COL_DESC,ColorGetter,3,,,TRUE,,input_color,,,,,#RRGGBB,,data/10000,T_49_SD_SEARCHKEY_COLOR
59,EntityGetter,,data/1,95,,EntityGetter,EntityGetter,3,,,TRUE,,EntityGetter,,,,,,,data/10000,T_49_SD_SEARCHKEY_ENTITY
60,Arithmetic,,data/2,94,,T_36_WZY_WS_ARITHMETIC_NAMEDESC,Arithmetic,3,,,TRUE,,math_arithmetic,,,,,,,data/4,T_49_SD_SEARCHKEY_MATH
61,Comparer,,data/2,93,,T_34_WZ_WS_LOGIC2_NAMEDESC,Comparer,3,,,TRUE,,logic_compare,,,,,,,data/4,T_49_SD_SEARCHKEY_COMPARER
62,LogicalOperation,,data/2,92,,T_36_WZY_WS_LOGOPER,LogicalOperation,3,,,TRUE,,logic_operation,,,,,&& ||,,data/4,T_49_SD_SEARCHKEY_LOGICAL
63,脚本所在对象,,entity/1,1100,,,ThisEntity,3,ThisEntity,,,,this_entity,,,,,thisEntity,,action/1,T_49_SD_SEARCHKEY_THISENTITY
64,所有玩家,,entity/1,1090,,,AllPlayers,3,AllPlayers,,,,,,,,,,,action/1,
65,所有队伍,,entity/1,1080,,,AllTeams,3,AllTeams,,,,,,,,,,,action/1,
66,数组长度,,data/3,80,,,ArrayLength,3,ListLength,,,,,,,,,,,data/2,T_49_SD_SEARCHKEY_LISTLENGTH
67,获取元素-数组,,data/3,79,,,ArrayElementByIndex,3,ListGetElement,,,R=P1.T0,R=P1.T0,,,,,ListName[Index],,data/2,T_49_SD_SEARCHKEY_LISTGET
68,随机整数,,data/2,90,,,RandomInt,3,RandomInt,,,,,,,,,,,data/4,
69,随机小数,,data/2,89,,,RandomFloat,3,RandomFloat,,,,,,,,,,,data/4,
70,非空,,logic,,,,IsNil,3,IsNil,,,,,,,,,if(value==nil),,action/1,
71,绝对值,,data/2,88,,,Abs,3,Abs,,,,R=0 P1 ?number,,1:ConstFloatOrInt,,,,,data/4,
72,非,,data/2,87,,,Not,3,Not,,,,,,,,,!,,action/1,
73,平方根,,data/2,86,,,Sqrt,3,Sqrt,,,,,,,,,,,data/4,
74,负值,,data/2,85,,,Negate,3,Negate,,,,R=0 P1 ?number,,1:ConstFloatOrInt,,,,,data/4,
75,字符串链接,,data/2,60,,,StrConcat,3,StrConcat,,,,str_concat,,,,,,,data/5,T_49_SD_SEARCHKEY_CONCANT
76,字符串长度,,data/2,59,,,StrLen,3,StrLen,,,,,,,,,,,data/5,
77,伤害类型,,data/1,29,,,DamageType,4,DamageType,,,,,,,,,,,data/10001,
78,积分类型,,data/1,28,,,ScoreType,4,ScoreType,,,,,,1:ScoreType=1,,,,,data/10001,
79,内置HUD类型,,data/1,,,,InternalHudType,4,InternalHudType,,,,InternalHudType,,,,,,,data/10001,T_49_SD_SEARCHKEY_INTERNALHUD
80,,1,data/4,49,,,VectorGetX,3,VectorGetX,,,,,,,,,Vector3.X,,data/4,
81,,1,data/4,46,,,VectorSetX,2,VectorSetX,TRUE,,,,,,,2,Vector3.X = value,,data/4,
82,,1,data/4,45,,,VectorSetY,2,VectorSetY,TRUE,,,,,,,2,Vector3.Y = value,,data/4,
83,,1,data/4,44,,,VectorSetZ,2,VectorSetZ,TRUE,,,,,,,2,Vector3.Z = value,,data/4,
84,,1,data/4,43,,,VectorAdd,3,VectorAdd,,,,,,,,,"Vector3{x,y,z}+Vector3{a,b,c}",,data/4,
85,,1,data/4,42,,,VectorSub,3,VectorSub,,,,,,,,,"Vector3{x,y,z}-Vector3{a,b,c}",,data/4,
86,,1,data/4,41,,,VectorMul,3,VectorMul,,,,,,,,,"Vector3{x,y,z} * value",,data/4,
87,,1,data/4,40,,,VectorDot,3,VectorDot,,,,,,,,,,,data/4,
88,,1,data/4,39,,,VectorCross,3,VectorCross,,,,,,,,,,,data/4,
89,,,data/4,38,,,VectorNormalize,3,VectorNormalize,,,,,,,,,,,data/4,
90,,,data/4,37,,,VectorSize,3,VectorSize,,,,,,,,,,,data/4,
91,,1,data/4,36,,,VectorDistance,3,VectorDistance,,,,,,,,,,,data/4,
92,,1,data/4,35,,,VectorAngel,3,VectorAngel,,,,,,,,,,,data/4,
93,设置实体属性,,entity/1,999,,T_34_WT_WS_ENTITY2_NAMEDESC,SetEntityProperty,2,,TRUE,TRUE,,property_set,,,,,EntityName<{0}>.{1} = Value,,action/1,T_49_SD_SEARCHKEY_SETVALUE
94,获取实体属性,,entity/1,998,,T_34_WT_WS_ENTITY4_NAMEDESC,GetEntityProperty,3,,,TRUE,,property_get,,,,,EntityName<{0}>.{1},,action/1,T_49_SD_SEARCHKEY_GETVALUE
95,获得游戏实体,,entity/1,,,,GetGlobalEntity,3,GetGlobalEntity,,,,,,,,,globalEntity,,action/1,
96,图片类型,,data/1,27,,,IconType,4,IconType,,,,SpriteID,,,,,,,data/10001,T_49_SD_SEARCHKEY_IMGENUM
97,特效类型,,data/1,26,,,EffectType,4,EffectType,,,,EffectID,,,,,,,data/10001,T_49_SD_SEARCHKEY_EFFECTENUM
98,类型指定图元,,entity/2,997,,T_34_WT_WS_ENTITY3_NAMEDESC,As,3,,,TRUE,R=P2,as_type,,,,,,,action/1,T_49_SD_SEARCHKEY_AS
99,声音类型,,data/1,25,,,AudioType,4,AudioType,,,,AudioID,,,,,,,data/10001,T_49_SD_SEARCHKEY_AUDIOENUM
100,,,data/1,,,,SortType,4,SortType,,,,,,,1,,,,data/10001,
101,结束当前阶段,,game/2,400,,,EndCurrentPhase,2,EndCurrentPhase,TRUE,,,,,,,,,,module/18,
102,获取控件,,game/1,498,,T_34_M_WS_GETCONTROL2,GetWidgetFromCustomHud,3,GetWidgetFromCustomHud,,TRUE,,R=P3.T0,,,,,,,action/22,
103,【废弃】随机出生点,,entity/1,,,,GetRandomSpawnPos,3,GetRandomSpawnPos,,,,,,,3,,,,module/11,
104,【废弃】获取玩家积分,,entity/2,,,,GetPlayerScoreByType,3,GetPlayerScoreByType,,,,,,2:ScoreType=10,,,,,action/19,
105,【废弃】设置玩家积分,,entity/2,,,,SetPlayerScoreByType,2,SetPlayerScoreByType,TRUE,,,,,2:ScoreType=10,,,,,action/19,
106,【废弃】获取队伍积分,,entity/2,,,,GetTeamScoreByType,3,GetTeamScoreByType,,,,,,2:ScoreType=10,,,,,action/19,
107,【废弃】设置队伍积分,,entity/2,,,,SetTeamScoreByType,2,SetTeamScoreByType,TRUE,,,,,2:ScoreType=10,,,,,action/19,
108,【废弃】获取玩家回合积分,,entity/2,,,,GetPlayerRoundScoreByType,3,GetPlayerRoundScoreByType,,,,,,,1,,,,action/19,
109,【废弃】获取队伍回合积分,,entity/2,,,,GetTeamRoundScoreByType,3,GetTeamRoundScoreByType,,,,,,,1,,,,action/19,
110,【废弃】获取玩家排名,,entity/2,,,,GetPlayerRank,3,GetPlayerRank,,,,,,,1,,,,action/19,
112,【废弃】获取队伍排名,,entity/2,,,,GetTeamRank,3,GetTeamRank,,,,,,,1,,,,action/19,
114,【废弃】获取玩家指定回合排名,,entity/2,,,,GetPlayerRoundRank,3,GetPlayerRoundRank,,,,,,,1,,,,action/19,
115,【废弃】获取队伍指定回合排名,,entity/2,,,,GetTeamRoundRank,3,GetTeamRoundRank,,,,,,,1,,,,action/19,
116,检测顺序触发,,entity/1,,,,PlayerCheckCanTriggerLevelObjectByOrder,3,PlayerCheckCanTriggerLevelObjectByOrder,,,,,,,1,,,,action/26,
117,【废弃】传送,,entity/1,,,,TeleportPlayer,2,TeleportPlayer,TRUE,,,,,,3,,,,action/1,
118,造成伤害,,entity/1,,,,EntityTakeSystemDamage,2,EntityTakeDamage,TRUE,,,,1;3;4,3:DamageType,,,,,action/16,
119,玩家造成伤害,,entity/1,,,,EntityTakeDamage,2,EntityTakeDamage,TRUE,,,,,3:DamageType,,,,,action/16,
120,【废弃】获得队友附近的位置,,entity/2,,,,GetTeammateNearPos,3,GetTeammateNearPos,,,,,,,3,,,,action/1,
121,获得实体的绑定玩家,,entity/1,,,,GetEntityOwner,3,GetEntityOwner,,,,,,,,,,,action/1,
122,加血,,entity/2,,,,PlayerAddHP,2,PlayerAddHP,TRUE,,,,,,,,,,module/11,
123,复活,,entity/1,,,,RevivePlayer,2,RevivePlayer,TRUE,,,,,,,,,,module/11,
124,所有物件,,entity/1,,,,AllLevelObjs,3,AllLevelObjs,,,R=P1 ListT >,R=P1.EnumToType ListT >,,1:Enum_LevelObjType=LevelObject,,,,,action/26,
125,GetLocalVar,,variable,,,,GetLocalVar,3,,,TRUE,,-,,,,,,,variable,
126,SetLocalVar,,variable,,,,SetLocalVar,2,,TRUE,TRUE,,-,,,,,,,variable,
127,GetSelfGraphProperty,,variable,,,,GetSelfGraphProperty,3,,,TRUE,,-,,,,,,,variable,
128,SetSelfGraphProperty,,variable,,,,SetSelfGraphProperty,2,,TRUE,TRUE,,-,,,,,,,variable,
129,GetGlobalGraphProperty,,variable,,,,GetGlobalGraphProperty,3,,,TRUE,,-,,,,,,,variable,
130,SetGlobalGraphProperty,,variable,,,,SetGlobalGraphProperty,2,,TRUE,TRUE,,-,,,,,,,variable,
131,DefFuncWithoutReturn,,function,,,,DefFuncWithoutReturn,2,,,TRUE,,function_definition_noreturn,,,,,,,function,T_49_SD_SEARCHKEY_ACTION
132,DefFuncWithReturn,,function,,,,DefFuncWithReturn,2,,,TRUE,,function_definition,,,,,,,function,T_49_SD_SEARCHKEY_FUNCTION
133,CallActionFunc,,function,,,,CallActionFunc,2,,TRUE,TRUE,,-,,,,,,,function,
134,CallDataFunc,,function,,,,CallDataFunc,3,,,TRUE,,-,,,,,,,function,
135,OnClickHudButton,,event/2,,,T_35_M_WS_BUTTONCLICKDESC,OnClickHudButton,1,OnClick,,TRUE,,button_event,,,,,,,event,T_49_SD_SEARCHKEY_BUTTONCLICK
136,返回值 （FE=返回）,,function,,,T_34_WZ_WS_LOGIC11_NAMEDESC,ProcessCtlReturn,2,ProcessCtlReturn,,,,-,,,,,,,action/1,
137,道具ID类型,,data/1,26,,,ItemGoodsIDType,4,ItemGoodsIDType,,,,ItemID,,,,,,,data/10001,T_49_SD_SEARCHKEY_ITEMENUM
138,私有-创建事件,,event/2,100,,,OnAwake,1,OnAwake,TRUE,,,,,,,,,,event,
139,私有-击杀事件,,event/2,99,,,OnKill,1,OnKill,TRUE,,,,,,,,,,event,
140,私有-死亡事件,,event/2,98,,,OnDamaged,1,OnDamaged,TRUE,,,,,,,,,,event,
141,私有-受伤事件,,event/2,97,,,OnAttacked,1,OnAttacked,TRUE,,,,,,,,,,event,
142,私有-造成伤害事件,,event/2,96,,,OnHurt,1,OnHurt,TRUE,,,,,,,,,,event,
143,私有-进入触发器事件,,event/2,95,,,OnTriggerEnter,1,OnTriggerEnter,TRUE,,,,,,,,,,event,
144,私有-退出触发器事件,,event/2,94,,,OnTriggerLeave,1,OnTriggerLeave,TRUE,,,,,,,,,,event,
145,按钮点击时,,event/2,93,,,OnClick,1,OnClick,TRUE,,,,,,,,,,event,
146,创建道具,,entity/3,,,,AddPickUpAtPosition,2,AddPickUpAtPosition,TRUE,,,P2=ItemID|ListT_ItemID;P3=Int ListT_Int P2.IsList ?,,2:ItemGoodsIDType;FE_2:ItemID;3:ConstFloatOrInt;FE_3:Int,,,,,action/15,
147,删除道具,,entity/3,,,,PlayerRemoveItem,2,PlayerRemoveItem,TRUE,,,,,,,,,,action/15,
148,,1,data/4,48,,,VectorGetY,3,VectorGetY,,,,,,,,,Vector3.Y,,data/4,
149,,1,data/4,47,,,VectorGetZ,3,VectorGetZ,,,,,,,,,Vector3.Z,,data/4,
150,触发私有-玩家进入事件,,event/2,92,,,OnPlayerEnter,1,OnPlayerEnter,TRUE,,,,,,,,,,event,
151,触发私有-玩家退出事件,,event/2,91,,,OnPlayerLeave,1,OnPlayerLeave,TRUE,,,,,,,,,,event,
152,移除列表元素,,data/3,75,,,ListRemoveAt,2,ListRemoveAt,TRUE,,,,,,,,,,data/2,
153,临时变量定义,,variable,,,,DefLocalVar,2,,TRUE,TRUE,P1=P2;P3=P2,localvar_def,,,,,,,variable,T_49_SD_SEARCHKEY_LOCALVAR
154,向上取???,,data/2,,,,Ceil,3,Ceil,,,,,,,,,,,data/4,
155,向下取整,,data/2,,,,Floor,3,Floor,,,,,,,,,,,data/4,
156,四舍五入取整,,data/2,,,,Round,3,Round,,,,,,,,,,,data/4,
157,正弦函数,,data/2,,,,Sin,3,Sin,,,,,,,,,,,data/4,
158,余弦函数,,data/2,,,,Cos,3,Cos,,,,,,,,,,,data/4,
159,正切函数,,data/2,,,,Tan,3,Tan,,,,,,,,,,,data/4,
160,飘字,,game/3,,,,NotifyShowTips,2,NotifyShowTips,TRUE,,,,,,,,,,action/1,
161,【废弃】私有-实体进入载具,,event/2,,,,OnEnteringVehicle,1,OnEnteringVehicle,TRUE,,,,,,3,,,,event,
162,【废弃】私有-实体离开载具,,event/2,,,,OnLeavingVehicle,1,OnLeavingVehicle,TRUE,,,,,,3,,,,event,
163,【废弃】私有-实体驾驶载具,,event/2,,,,OnDrivingVehicle,1,OnDrivingVehicle,TRUE,,,,,,3,,,,event,
164,私有-载具被实体进入,,event/2,,,,OnBeEnterVehicle,1,OnBeEnterVehicle,TRUE,,,,,,,,,,event,
165,私有-载具被实体离开,,event/2,,,,OnBeLeaveVehicle,1,OnBeLeaveVehicle,TRUE,,,,,,,,,,event,
166,私有-载具被实体驾驶,,event/2,,,,OnBeDriveVehicle,1,OnBeDriveVehicle,TRUE,,,,,,,,,,event,
10001,输入int,2,data,102,,,ConstInt,,,,,,input_int,,,,,,,data/10000,T_49_SD_SEARCHKEY_INT
10002,输入float,2,data,101,,,ConstFloat,,,,,,input_float,,,,,,,data/10000,T_49_SD_SEARCHKEY_FLOAT
10003,定义LocalVar,-1,variable,100,,,DefLocalVarFE,,,,,,localvar_def,,,,,,,variable,
10006,NewList,2,data,81,,,NewList,3,NewList,,,,R=ListT_any,,,,,,,data/2,T_49_SD_SEARCHKEY_NEWLIST
167,【废弃】私有-实体使用传送门,,event/2,,,,OnTeleporting,1,OnTeleporting,TRUE,,,,,,3,,,,event,
168,私有-实体被物件产生弹跳,,event/2,,,,OnBeSpring,1,OnBeSpring,TRUE,,,,,,,,,,event,
169,私有-传送门被实体使用传送,,event/2,,,,OnBeTeleport,1,OnBeTeleport,TRUE,,,,,,,,,,event,
170,【废弃】私有-物件对实体产生弹跳行为,,event/2,,,,OnSpringing,1,OnSpringing,TRUE,,,,,,3,,,,event,
171,是否包含指定元素,,data/3,74,,,ListContains,3,ListContains,,,,,,,,,,,data/2,T_49_SD_SEARCHKEY_LISTCONTAIN
172,追加多条元素,,data/3,73,,,ListAppendRange,2,ListAppendRange,TRUE,,,,,,,,,,data/2,T_49_SD_SEARCHKEY_LISTAPPENDRANGE
173,获取元素最先出现位置,,data/3,72,,,ListIndexOf,3,ListIndexOf,,,,,,,,,,,data/2,T_49_SD_SEARCHKEY_LISTINDEXOF
174,获取元素最后出现位置,,data/3,71,,,ListLastIndexOf,3,ListLastIndexOf,,,,,,,,,,,data/2,T_49_SD_SEARCHKEY_LISTLASTINDEXOF
175,生成器生成单位时,,event/2,,,,OnSpawn,1,OnSpawn,TRUE,,,,,,,,,,event,
176,刷新下一波,,game/2,,,,RefreshSpawnableEntity,2,RefreshSpawnableEntity,TRUE,,,,,,,,,,action/1,
177,【废弃】构造方向点,,data/4,,,,NewDirectPoint,3,NewDirectPoint,,,,,,,3,,,,data/4,
178,【废弃】取方向点位置,,data/4,,,,DirectPointGetPos,3,DirectPointGetPos,,,,,,,3,,,,data/4,
179,【废弃】取方向点朝向,,data/4,,,,DirectPointGetForward,3,DirectPointGetForward,,,,,,,3,,,,data/4,
180,修改属性因子,2,entity/2,,,,ModifyPropertyFactor,2,ModifyPropertyFactor,TRUE,TRUE,,P2=P1 PropertyT >,,FE_2:FormulaProperty,1,,,,action/24,
181,【废弃】清除单个属性因子,2,entity/2,,,,ClearPropertyFactor,2,ClearPropertyFactor,TRUE,TRUE,,P2=P1 PropertyT >,,FE_2:FormulaProperty,3,,,,action/24,
182,清除所有属性因子,,entity/2,,,T_36_WZY_WS_REMMODEDPRO_NAMEDESC1,ClearAllPropertyFactor,2,ClearAllPropertyFactor,TRUE,TRUE,,,,,,,,,action/24,
183,属性因子类型,,data/1,,,,FormulaFactorType,4,FormulaFactorType,,,,,,,1,,,,data/10001,
184,当换武器时,,event/2,,,,OnWield,1,OnWield,TRUE,,,,,,,,,,event,
185,可动态创建物件ID,,data/1,14,,,DynamicCreateItemID,4,DynamicCreateItemID,,,,DynamicCreateItemID,,,,,,,data/10001,T_49_SD_SEARCHKEY_DYNAMICITEMENUM
186,修改属性,1,entity/2,,,T_36_WZY_WS_MODGUNPRO_NAMEDESC,ModifyFormulaProperty,2,ModifyFormulaProperty,TRUE,TRUE,,P2=P1 PropertyT >,,FE_2:FormulaProperty,,,,,action/24,
187,设置属性,1,entity/2,,,T_36_WZY_WS_SETGUNPRO_NAMEDESC,SetFormulaProperty,2,SetFormulaProperty,TRUE,TRUE,,P2=P1 PropertyT >,,FE_2:FormulaProperty,,,,,action/24,
188,清空单个属性,1,entity/2,,,T_36_WZY_WS_REMMODEDPRO_NAMEDESC2,ClearSingleFormulaProperty,2,ClearSingleFormulaProperty,TRUE,TRUE,,P2=P1 PropertyT >,,FE_2:FormulaProperty,,,,,action/24,
189,属性修改方式,,data/1,13,,,PropertyModifyType,4,PropertyModifyType,,,,,,,,,,,data/10001,
190,【废弃】实体被机关击飞,,event/2,,,,OnBeHitFly,1,OnBeHitFly,TRUE,,,,,,3,,,,event,
191,启用默认AI,,entity/4,100,,,EnableDefaultAI,2,EnableDefaultAI,TRUE,,,,,,,,,,action/9,
192,AI追击实体,,entity/4,97,,,AIAttackEntity,2,AIAttackEntity,TRUE,,,,,,,,,,action/9,
193,巡逻至,,entity/4,99,,,PatrolTo,2,PatrolTo,TRUE,,,,,4:PatrolStyleType,,,,,action/9,
194,巡逻,,entity/4,98,,,PatrolAlong,2,PatrolAlong,TRUE,,,,,3:PatrolType;4:PatrolStyleType,,,,,action/9,
195,获取变量类型,,entity/1,,,,GetType,3,GetType,,,,,,,,,,,action/1,
196,是否类型一致,,data/2,,,,TypeIs,3,TypeIs,,,,,,,,,,,action/1,
197,是否类型一致或继承,,data/2,,,,IsSubClassOf,3,IsSubClassOf,,,,,,,,,,,action/1,
198,值转字符串,,data/2,,,,ToString,3,ToString,,,,,,,,,,,data/6,
199,【废弃】摧毁玩家物品,,entity/3,,,,DestroyEquipment,2,DestroyEquipment,TRUE,,,,,2:InventoryType;3:EquipSlotType,3,,,,action/15,
200,当穿装备时,,event/2,,,,OnWear,1,OnWear,TRUE,,,,,,,,,,event,
201,【废弃】当玩家被击倒,,event/2,,,,OnKnockedDown,1,OnKnockedDown,TRUE,,,,,,,,,,event,
202,当使用物品,,event/2,,,,OnUseItem,1,OnUseItem,TRUE,,,,,,,,,,event,
203,尝试获取钱包,,entity/5,,,,TryGetWalletIDByEntity,2,TryGetWalletIDByEntity,TRUE,,,,,,,,,,module/25,
204,创建主钱包,,entity/5,,,,NewWalletForEntity,2,NewWalletForEntity,TRUE,,,,,,,,,,module/25,
205,钱包增加货币,,entity/5,,,,IncreaseMoneyForWallet,2,IncreaseMoneyForWallet,TRUE,,,,,2:MoneyType,,,,,module/25,
206,钱包消耗货币,,entity/5,,,,DecreaseMoneyForWallet,2,DecreaseMoneyForWallet,TRUE,,,,,2:MoneyType,,,,,module/25,
207,钱包交易货币,,entity/5,,,,TransferMoneyForWallet,2,TransferMoneyForWallet,TRUE,,,,,2:MoneyType,,,,,module/25,
208,获取货币数量,,entity/5,,,,GetMoneyCountByWallet,3,GetMoneyCountByWallet,,,,,,2:MoneyType,,,,,module/25,
209,通过RGB获取颜色值,,data/1,10,,,ColorGet,3,ColorGet,,,,,,,,,,,action/1,
210,私有-实体进入触发器事件,,event/2,,,,OnEnterTrigger,1,OnEnterTrigger,TRUE,,,,,,,,,,event,
211,私有-实体退出触发器事件,,event/2,,,,OnLeaveTrigger,1,OnLeaveTrigger,TRUE,,,,,,,,,,event,
212,获取货币实体,,entity/5,,,,GetMoneyEntityByWallet,3,GetMoneyEntityByWallet,,,,,,2:MoneyType,,,,,module/25,
213,当获得物品,,event/2,,,,OnObtainItem,1,OnObtainItem,TRUE,,,,,,,,,,event,
214,当获得武器,,event/2,,,,OnObtainWeapon,1,OnObtainWeapon,TRUE,,,,,,,,,,event,
215,私有-机关把实体击飞,,event/2,,,,OnHitFlying,1,OnHitFlying,TRUE,,,,,,,,,,event,
216,私有-队伍团灭时,,event/2,,,,OnACE,1,OnACE,TRUE,,,,,,,,,,event,
217,【废弃】私有-积分改变时,,event/2,,,,OnRoundScoreChange,1,OnRoundScoreChange,TRUE,,,,,,,,,,event,
218,私有-复活时,,event/2,,,,OnRevived,1,OnRevived,TRUE,,,,,,,,,,event,
219,物品类型,,data/1,12,,,InventoryType,4,InventoryType,,,,,,,,,,,data/10001,
220,类型枚举,,data/1,11,,,TypeEnum,4,TypeEnum,,,,,,,,,,,data/10001,
221,克隆物件,,entity/3,,,,CloneEntity,2,CloneEntity,TRUE,,P2=P1,P1=P2,,2:EntityGetter;FE_2:Component,,,,,action/1,
222,获取所有商店,,entity/5,,,,GetAllShops,3,GetAllShops,,,,,,,,,,,module/25,
223,巡逻风格,,data/1,,,,PatrolStyleType,4,PatrolStyleType,,,,,,,,,,,data/10001,
224,巡逻方式,,data/1,,,,PatrolType,4,PatrolType,,,,,,,,,,,data/10001,
225,EmptyList,,data/1,30,,T_36_M_WS_EMPTYLISTDESC,EmptyList,3,EmptyList,,TRUE,,-,,,,,,,data/2,
226,货币类型,,data/1,,,,MoneyType,4,MoneyType,,,,,,,,,,,data/10001,
227,列表清空,,data/3,80,,,ListClear,2,ListClear,TRUE,,,,,,,,,,data/2,T_49_SD_SEARCHKEY_LISTCLEAR
228,列表返转,,data/3,81,,,ListReverse,2,ListReverse,TRUE,,,,,,,,,,data/2,T_49_SD_SEARCHKEY_LISTREVERSE
229,列表克隆,,data/3,82,,,ListClone,3,ListClone,,,,,,,,,,,data/2,T_49_SD_SEARCHKEY_LISTCLONE
230,列表插入,,data/3,83,,,ListInsert,2,ListInsert,TRUE,,,,,,,,,,data/2,T_49_SD_SEARCHKEY_LISTINSERT
231,字符串替换,,data/2,60,,,StrReplace,3,StrReplace,,,,,,,,,,,data/5,
232,字符串查找,,data/2,61,,,StrFind,3,StrFind,,,,,,,,,,,data/5,
233,字符串截取,,data/2,62,,,StrSub,3,StrSub,,,,,,,,,,,data/5,
234,列表打乱,,data/3,84,,,ListShuffle,2,ListShuffle,TRUE,,,,,,,,,,data/2,T_49_SD_SEARCHKEY_LISTSHUFFLE
10007,获得全局实体,-1,entity,1000,,,GetGlobalEntityFE,3,GetGlobalEntity,,,,,,,,,,,action/1,
10008,列表初始化,2,data,79,,,ListInit,3,ListInit,,,,list_create,,,,,,,data/2,T_49_SD_SEARCHKEY_LISTCREATE
240,天空盒基础类型,,data/1,26,,,SkyboxEnvBaseType,4,SkyboxEnvBaseType,,,,,,,,,,,data/10001,
241,设置天空盒,,game/3,377,,,SetSkyboxEnv,2,SetSkyboxEnv,TRUE,,,,1,1:SkyboxEnvBaseType,,,,,action/13,
301,场景加载成功,2,event/1,,,,OnSceneLoaded,1,OnSceneLoaded,TRUE,,,,,,,,,,event,
302,场景切换成功,2,event/1,,,,OnSceneSwitchSuccessed,1,OnSceneSwitchSuccessed,TRUE,,,,,,,,,,event,
303,加载场景,2,game/3,377,,,LoadScene,2,LoadScene,TRUE,,,,1,FE_1:SceneID,,,,,action/13,
304,卸载场景,2,game/3,377,,,UnloadScene,2,UnloadScene,TRUE,,,,1,FE_1:SceneID,,,,,action/13,
305,切换场景,2,game/3,377,,,SwitchScene,2,SwitchScene,TRUE,,,,1,FE_1:SceneID,,,,,action/13,
306,玩家复活来源类型,,data/1,9,,,PlayerReviveSourceType,4,PlayerReviveSourceType,,,,,,,,,,,data/10001,
307,丢弃武器实体时,,event/2,,,,OnDropWeapon,1,OnDropWeapon,TRUE,,,,,,,,,,event,
308,装备槽位类型,,data/1,,,,EquipSlotType,4,EquipSlotType,,,,,,,,,,,data/10001,
309,丢弃道具时,,event/2,,,,OnDropItem,1,OnDropItem,TRUE,,,,,,,,,,event,
310,瞄准辅助类型,,data/1,,,,AimAssistType,4,AimAssistType,,,,,,,,,,,data/10001,
311,控制玩家语音聊天,,game/4,,,,MutePlayerVoice,2,MutePlayerVoice,TRUE,,,,,,,,,,action/28,
312,控制玩家快捷聊天,,game/4,,,,MutePlayerQuickChat,2,MutePlayerQuickChat,TRUE,,,,,,,,,,action/28,
313,实体筛选器,,entity/1,,,,FilterEntities,3,FilterEntities,,,,,,,,,,,action/1,
314,空闲语音频道,,data/1,10,,,FreeChatChannel,4,FreeChatChannel,,,,,,,1,,,,data/10001,
315,获取控件,,game/1,1,,T_34_M_WS_GETCONTROL2,GetWidgetFromCustomHudByString,3,GetWidgetFromCustomHudByString,,,,,,,,,,,action/22,
316,是否禁止拾取物品,,entity/1,,,,DisablePickupItem,2,DisablePickupItem,TRUE,,,,,,,,,,action/15,
317,是否禁止丢弃物品,,entity/1,,,,DisableDropItem,2,DisableDropItem,TRUE,,,,,,,,,,action/15,
318,创建阵营,,game/4,,,,CreateFaction,2,CreateFaction,TRUE,,,,,,,,,,module/29,
319,加入阵营,,game/4,,,,JoinFaction,2,JoinFaction,TRUE,,,,,,,,,,module/29,
320,获得可攻击阵营,,game/4,,,,GetAttackableFactions,3,GetAttackableFactions,,,,,,,,,,,module/29,
321,设置可攻击阵营,,game/4,,,,SetAttackableFaction,2,SetAttackableFaction,TRUE,,,,,,,,,,module/29,
322,设置可攻击玩家,,game/4,,,,SetAttackablePlayer,2,SetAttackablePlayer,TRUE,,,,,3:AttackableOption,,,,,module/29,
323,设置可攻击队伍,,game/4,,,,SetAttackableTeam,2,SetAttackableTeam,TRUE,,,,,,,,,,module/29,
324,获得可攻击玩家,,game/4,,,,GetAttackablePlayer,3,GetAttackablePlayer,,,,,,,,,,,module/29,
325,足球和实体碰撞,,event/2,,,,OnHitEntity,1,OnHitEntity,TRUE,,,,,,,,,,event,
326,被足球枪击中,,event/2,,,,OnShootByGun,1,OnShootByGun,TRUE,,,,,,,,,,event,
327,瞄准实体时,,event/2,,,,OnPlayerAimEntity,1,OnPlayerAimEntity,TRUE,,,,,,,,,,event,
328,实体被瞄准时,,event/2,,,,OnEntityAimedByPlayer,1,OnEntityAimedByPlayer,TRUE,,,,,,,,,,event,
329,武器击中实体,,event/2,,,,OnWeaponHitEntity,1,OnWeaponHitEntity,TRUE,,,,,,,,,,event,
330,实体被武器击中,,event/2,,,,OnEntityHittedByWeapon,1,OnEntityHittedByWeapon,TRUE,,,,,,,,,,event,
331,进球时,,event/2,,,,OnGoal,1,OnGoal,TRUE,,,,,,,,,,event,
332,琴键音乐组件类型,,data/1,,,,PianoMusicElementType,4,PianoMusicElementType,,,,,,,1,,,,data/10001,
333,Null,,data/1,,,T_36_JH_WS_NULL,Null,3,Null,,TRUE,,input_null,,,,,nil,,data/10000,T_49_SD_SEARCHKEY_NULL
334,取消伪装,,entity/2,,,,RestoreMorphTarget,2,RestoreMorphTarget,TRUE,,,,,,,,,,module/27,
335,变身,,entity/2,,,,MorphTargetLevelObject,2,MorphTargetLevelObject,TRUE,,,,,,,,,,module/27,
336,获取伪装实体,,entity/2,,,,GetMorphObjectByPlayer,3,GetMorphObjectByPlayer,,,,,,,,,,,module/27,
337,获取空频道,,game/4,,,,GetFreeChatChannel,3,GetFreeChatChannel,,,,,,1:FreeChatChannel,,,,,action/28,
338,获取当前频道,,game/4,,,,GetChatChannel,3,GetChatChannel,,,,,,,,,,,action/28,
339,玩家加入频道,,game/4,,,,JoinChatChannel,2,JoinChatChannel,TRUE,,,,,,,,,,action/28,
340,玩家退出频道,,game/4,,,,LeaveChatChannel,2,LeaveChatChannel,TRUE,,,,,,,,,,action/28,
341,玩家行为类型,,data/1,,,,PlayerBehaviorType,4,PlayerBehaviorType,,,,,,,1,,,,data/10001,
342,玩家行为状态,,data/1,,,,PlayerBehaviorStatus,4,PlayerBehaviorStatus,,,,,,,,,,,data/10001,
343,设置行为状态,,game/2,,,,SetPlayerBehaviorStatus,2,SetPlayerBehaviorStatus,TRUE,,,,,2:PlayerBehaviorType;3:PlayerBehaviorStatus,,,,,module/11,
344,足球增加速度,,game/2,,,,AddVelocity,2,AddVelocity,TRUE,,,,,,,,,,module/7,
345,球衣样式,,data/1,,,,CustomizeClothesType,4,CustomizeClothesType,,,,,,,1,,,,data/10001,
346,更换球衣,,game/2,,,,ChangeCustomizeClothes,2,ChangeCustomizeClothes,TRUE,,,,,2:CustomizeClothesType,,,,,module/7,
347,恢复默认衣饰,,game/2,,,,ClearCustomizeClothes,2,ClearCustomizeClothes,TRUE,,,,,,,,,,module/7,
348,Buff类型,,data/1,,,,BuffType,4,BuffType,,,,,,,,,,,data/10001,
349,移除实体,1,entity/1,1095,,,RemoveEntity,2,RemoveEntity,TRUE,,,,,,2,,,,action/1,
350,添加Tag,,entity/2,1096,,,AddTag,2,AddTag,TRUE,,,,,FE_2:InputTag,,,,,action/1,
351,删除Tag,,entity/2,1097,,,RemoveTag,2,RemoveTag,TRUE,,,,,FE_2:InputTag,,,,,action/1,
352,包含Tag,,entity/2,1098,,,HasTag,3,HasTag,TRUE,,,,,FE_2:InputTag,,,,,action/1,
353,敌意状态,,data/1,,,,AttackableOption,4,AttackableOption,,,,,,,1,,,,data/10001,
354,删除实体,,game/1,,,,DeleteEntity,2,RemoveEntity,TRUE,,,,,,,,,,action/1,
355,鼓点音乐组件类型,,data/1,,,,DrumMusicElementType,4,DrumMusicElementType,,,,,,,1,,,,data/10001,
356,Lead1音乐组件类型,,data/1,,,,Lead1MusicElementType,4,Lead1MusicElementType,,,,,,,1,,,,data/10001,
357,Lead2音乐组件类型,,data/1,,,,Lead2MusicElementType,4,Lead2MusicElementType,,,,,,,1,,,,data/10001,
358,Lead3音乐组件类型,,data/1,,,,Lead3MusicElementType,4,Lead3MusicElementType,,,,,,,1,,,,data/10001,
359,退出阵营,,game/4,,,,QuitFaction,2,QuitFaction,TRUE,,,,,,1,,,,module/29,
360,足球设置位置,,game/2,,,,SetFootballPosition,2,SetFootballPosition,TRUE,,,,,,,,,,module/7,
361,Loot点武器类型,,data/1,,,,LootWeaponType,4,LootWeaponType,,,,,,,,,,,data/10001,
362,反正弦函数,,data/2,,157,,Asin,3,Asin,,,,,,,,,,,data/4,
363,反正余弦函数,,data/2,,157,,Acos,3,Acos,,,,,,,,,,,data/4,
364,反正切函数,,data/2,,157,,Atan,3,Atan,,,,,,,,,,,data/4,
365,私有-玩家断线时,,event/2,,,,OnPlayerDisconnect,1,OnPlayerDisconnect,TRUE,,,,,,,,,,event,
366,私有-玩家断线重连时,,event/2,,,,OnPlayerReconnect,1,OnPlayerReconnect,TRUE,,,,,,,,,,event,
367,创建商店,,game/5,,,,CreateShop,2,CreateShop,TRUE,,,,,,,,,,module/25,
368,创建商店货架,,game/5,,,,CreateShopShelf,2,CreateShopShelf,TRUE,,,,,,,,,,module/25,
369,创建商品,,game/5,,,,CreateShopItem,2,CreateShopItem,TRUE,,,,,,,,,,module/25,
370,添加物品到商品,,game/5,,,,AddItemToShopItem,2,AddItemToShopItem,TRUE,,,,,,,,,,module/25,
371,游戏更新时,,event/2,,,,OnUpdate,1,OnUpdate,TRUE,,,,,,,,,,event,
372,杀死可战斗实体,,entity/1,,,,KillFightingEntity,2,KillFightingEntity,TRUE,,,,,,,,,,action/16,
373,【废弃】创建音效,,game/3,,,,CreateSoundEntity,2,CreateSoundEntity,TRUE,,,,,3:AudioType,3,,,,action/1,
374,购买商品时,,event/2,,,,OnShopPurchase,1,OnShopPurchase,TRUE,,,,,,,,,,event,
375,贴图类型枚举,,data/1,,,,TextureType,4,TextureType,TRUE,,,TextureID,,,,,,,data/10001,T_49_SD_SEARCHKEY_TEXTUREID
376,武器被装备,,event/2,,,,OnWeaponBeEquiped,1,OnWeaponBeEquiped,TRUE,,,,,,,,,,event,
377,击杀单位,,event/2,,,,OnWeaponKillEntity,1,OnWeaponKillEntity,TRUE,,,,,,,,,,event,
378,造成伤害,,event/2,,,,OnWeaponTakeDamage,1,OnWeaponTakeDamage,TRUE,,,,,,,,,,event,
379,更换子弹,,event/2,,,,OnWeaponReload,1,OnWeaponReload,TRUE,,,,,,,,,,event,
380,物件分身,,entity/2,,,,CopyTargetLevelObject,2,CopyTargetLevelObject,TRUE,,,,,,,,,,module/27,
381,开火时,,event/2,,,,OnPlayerFire,1,OnPlayerFire,TRUE,,,,,,,,,,event,
382,蹲下时,,event/2,,,,OnPlayerCrouch,1,OnPlayerCrouch,TRUE,,,,,,,,,,event,
383,趴下时,,event/2,,,,OnPlayerCreep,1,OnPlayerCreep,TRUE,,,,,,,,,,event,
384,跳起时,,event/2,,,,OnPlayerJump,1,OnPlayerJump,TRUE,,,,,,,,,,event,
385,加速时,,event/2,,,,OnPlayerSprint,1,OnPlayerSprint,TRUE,,,,,,,,,,event,
386,武器每次发射,,event/2,,,,OnFiringEachBullet,1,OnFiringEachBullet,TRUE,,,,,,,,,,event,
387,获取当前相机,,entity/2,,,,GetCurrentCamera,3,GetCurrentCamera,,,,,,,1,,,,module/8,
388,切换相机,,game/2,,,,SwitchCamera,2,SwitchCamera,TRUE,,,,,3:CameraTransitionType,1,,,,module/8,
389,创建相机,,game/2,,,,CreateCamera,2,CreateCamera,TRUE,,,,,1:CameraType,1,,,,module/8,
390,球型范围判定,,data/4,,,,IsEntityInsideSphere,3,IsEntityInsideSphere,,,,,,,,,,,module/33,
391,圆柱范围判定,,data/4,,,,IsEntityInsideCylinder,3,IsEntityInsideCylinder,,,,,,,,,,,module/33,
392,方型范围判定,,data/4,,,,IsEntityInsideBox,3,IsEntityInsideBox,,,,,,,,,,,module/33,
393,扇形范围判定,,data/4,,,,IsEntityInsideSector,3,IsEntityInsideSector,,,,,,,,,,,module/33,
394,僵尸类型,,data/1,,,,AIType,4,AIType,,,,,,,,,,,data/10001,
395,Emote类型,,data/1,,,,EmoteType,4,EmoteType,EmoteType,,,,,,1,,,,data/10001,
396,播放Emote,,game/2,,,,NotifyPlayEmote,2,NotifyPlayEmote,TRUE,,,,,2:EmoteType,,,,,module/17,
397,暂停动作,,game/2,,,,NotifyPauseAnimation,2,NotifyPauseAnimation,TRUE,,,,,,,,,,module/17,
398,清除背包,,entity/3,,,,ClearInventory,2,ClearInventory,TRUE,,,,,,,,,,action/15,
399,获取玩家背包里某个道具的数量,,entity/3,,,,GetPlayerBagItemCount,3,GetPlayerBagItemCount,,,,,,,,,,,action/15,
400,摧毁玩家物品,,entity/3,,,,DestroyEquipmentBySlot,2,DestroyEquipmentBySlot,TRUE,,,,,2:EquipSlotType,,,,,action/15,
401,设置实体跟随,,game/2,,,,SetFollowEntity,2,SetFollowEntity,TRUE,,,,,,1,,,,module/8,
402,设置实体朝向,,game/2,,,,SetWatchEntity,2,SetWatchEntity,TRUE,,,,,,1,,,,module/8,
403,ConstructVector3,,data/1,,,,NewVector3,3,NewVector,,,,-,,,,,"Vector3{x,y,z}",,data/4,
10009,FE 动态枚举 PhaseIndex,2,data/1,,,,PhaseIndex,4,PhaseIndex,,,,,,,,,,,data/10001,
404,相机类型,,data/1,,,,CameraType,4,CameraType,,,,,,,1,,,,data/10001,
405,清理地图物件残留,,game/2,,,,ClearAllLevelObjsResidual,2,ClearAllLevelObjsResidual,TRUE,,,,,,,,,,action/15,
406,特效贴图枚举,,data/1,,,,PresentEffectTexType,4,PresentEffectTexType,TRUE,,,PresentEffectTexType,,,,,,,data/10001,T_49_SD_SEARCHKEY_PREEFFECT
407,玩家进入载具,,event/2,,,,OnEnteringVehicle_V2,1,OnEnteringVehicle_V2,TRUE,,,,,,,,,,event,
408,玩家离开载具,,event/2,,,,OnLeavingVehicle_V2,1,OnLeavingVehicle_V2,TRUE,,,,,,,,,,event,
409,玩家驾驶载具,,event/2,,,,OnDrivingVehicle_V2,1,OnDrivingVehicle_V2,TRUE,,,,,,,,,,event,
410,玩家传送,,event/2,,,,OnTeleporting_V2,1,OnTeleporting_V2,TRUE,,,,,,,,,,event,
411,玩家发生弹跳行为,,event/2,,,,OnSpringing_V2,1,OnSpringing_V2,TRUE,,,,,,,,,,event,
412,玩家被机关击飞,,event/2,,,,OnBeHitFly_V2,1,OnBeHitFly_V2,TRUE,,,,,,,,,,event,
413,设置活动状态,,entity/2,,,,SetActive,2,SetActive,TRUE,,,,,,,,,,action/1,
414,相机切换类型,,data/1,,,,CameraTransitionType,4,CameraTransitionType,,,,,,,1,,,,data/10001,
10010,FE Localize Key,2,data,,,,LocalizeKey,3,,,,,input_localization_key,,,,,"LocString{""Key"",{""param1"", ""param2"", ""param3""}}",,data/10000,T_49_SD_SEARCHKEY_LOCALKEY
10011,FE KeyEnum,-1,data,,,,KeyEnum,3,,,,,key_enum,,,,,,,data/10000,
415,设置玩家朝向,,entity/2,,,,PlayerSetForward,2,PlayerSetForward,TURE,,,,,,,,,,module/11,
416,Loot点子弹类型,,data/1,,,,LootAmmoType,4,LootAmmoType,,,,,,,,,,,data/10001,
417,Loot点消耗品类型,,data/1,,,,LootConsumableItemType,4,LootConsumableItemType,,,,,,,,,,,data/10001,
418,Loot点护甲类型,,data/1,,,,LootArmorType,4,LootArmorType,,,,,,,,,,,data/10001,
419,Loot点投掷物类型,,data/1,,,,LootProjectileType,4,LootProjectileType,,,,,,,,,,,data/10001,
420,Loot点倍镜类型,,data/1,,,,LootSightType,4,LootSightType,,,,,,,,,,,data/10001,
421,物件移动方式,,data/1,,,,MoveObjectMotionType,4,MoveObjectMotionType,,,,,,,,,,,data/10001,
423,OnPressHudButton,,event/2,,,T_39_M_WS_BUTTON_PRESSDESC,OnPressHudButton,1,OnPress,,TRUE,,button_event,,,,,,,event,T_49_SD_SEARCHKEY_BUTTONPRESS
424,按钮按下时,,event/2,101,,,OnPress,1,OnPress,TRUE,,,,,,,,,,event,
425,OnReleaseHudButton,,event/2,,,T_39_M_WS_BUTTON_RELEASEDESC,OnReleaseHudButton,1,OnRelease,,TRUE,,button_event,,,,,,,event,T_49_SD_SEARCHKEY_BUTTONRELEASE
426,按钮抬起时,,event/2,102,,,OnRelease,1,OnRelease,TRUE,,,,,,,,,,event,
427,OnDoubleClickHudButton,,event/2,,,T_39_M_WS_BUTTON_DOUBLECLICKDESC,OnDoubleClickHudButton,1,OnDoubleClick,,TRUE,,button_event,,,,,,,event,T_49_SD_SEARCHKEY_BUTTONDOUBLECLICK
428,按钮双击时,,event/2,103,,,OnDoubleClick,1,OnDoubleClick,TRUE,,,,,,,,,,event,
429,【废弃】Tween动画图元,,game/2,,,,CreateTween,2,CreateTween,TRUE,TRUE,,P2=P1 PropertyT >;P3=P2.PropertyType,1;2;3;4|5;6;7;8,FE_2:TweenProperty;FE_6:input_bezier,3,,,,action/30,
430,【废弃】NewTweenCurve,,data/1,,,,NewTweenCurve,3,NewTweenCurve,,TRUE,,input_bezier,,,3,,,,action/30,T_49_SD_SEARCHKEY_BEZIER
431,JailBreakAreaBegin,2,event/2,,,,OnJailBreakAreaBegin,1,OnJailBreakAreaBegin,TRUE,,,,,,,,,,event,
432,JailBreakAreaEnd,2,event/2,,,,OnJailBreakAreaEnd,1,OnJailBreakAreaEnd,TRUE,,,,,,,,,,event,
433,GiveJailBreakReward,2,entity/3,,,,GiveJailBreakReward,2,GiveJailBreakReward,TRUE,,,,,1:Player;2:Int;3:Bool,,,,,module/10,
435,设置父子关系,,entity/2,,,,SetParent,2,SetParent,TRUE,,,,,,,,,,action/1,
436,读取CSV全表数据,2,data/1,,,,ReadCSVDataAll,3,ReadCSVDataAll,,,,,,FE_1:SelectCSV,,,,,data/43,
437,读取CSV表某一行数据,2,data/1,,,,ReadCSVDataRow,3,ReadCSVDataRow,,,,,,FE_1:SelectCSV;2:Int=1,,,,,data/43,
438,读取CSV表某一列数据,2,data/1,,,,ReadCSVDataCol,3,ReadCSVDataCol,,,,,,FE_1:SelectCSV;2:Int=1,,,,,data/43,
439,读取CSV表某单元数据,2,data/1,,,,ReadCSVDataCell,3,ReadCSVDataCell,,,,,,FE_1:SelectCSV;2:Int=1;3:Int=1,,,,,data/43,
440,TweenStyle,,data/1,,,,TweenStyle,4,TweenStyle,,,,,,,,,,,data/10001,
441,PlayPlayable,,game/2,,,,PlayPlayable,2,PlayPlayable,TRUE,,,,,,,,,,action/30,
442,PausePlayable,,game/2,,,,PausePlayable,2,PausePlayable,TRUE,,,,,,,,,,action/30,
443,CreatePlayableTrajectory,,game/2,,,,CreatePlayableTrajectory,2,CreatePlayableTrajectory,TRUE,,,,5;1;2|3;4;6,,,,,,action/30,
444,CreatePlayablePosFollow,,game/2,,,,CreatePlayablePosFollow,2,CreatePlayablePosFollow,TRUE,,,,5;1;2|3;4;6,,,,,,action/30,
445,CreatePlayableLookAt,,game/2,,,,CreatePlayableLookAt,2,CreatePlayableLookAt,TRUE,,,,5;1;2|3;4;6,,,,,,action/30,
446,OnPlayableBegin,,event/2,,,,OnPlayableBegin,1,OnPlayableBegin,TRUE,,,,,,,,,,event,
447,OnPlayableEnd,,event/2,,,,OnPlayableEnd,1,OnPlayableEnd,TRUE,,,,,,,,,,event,
448,OnPlayableResume,,event/2,,,,OnPlayableResume,1,OnPlayableResume,TRUE,,,,,,,,,,event,
449,OnPlayablePause,,event/2,,,,OnPlayablePause,1,OnPlayablePause,TRUE,,,,,,,,,,event,
450,比赛结果,,data/1,,,,MatchResultType,4,MatchResultType,,,,,,,1,,,,data/10001,
451,【废弃】设置比赛结果,,game/2,,,,SetMatchResult,2,SetMatchResult,TRUE,,,,,2:MatchResultType,,,,,action/19,
452,CoordinateType,,data/1,,,,CoordinateType,4,CoordinateType,,,,,,,,,,,data/10001,
453,防御塔攻击范围类型,,data/1,10000,,,MinisentryAttackRangeType,4,MinisentryAttackRangeType,,,,,,,,,,,data/10001,
454,Loot点足球类型,,data/1,,,,LootSoccerType,4,LootSoccerType,,,,,,,,,,,data/10001,
455,接收玩家自定义的事件,2,event/3,,,,OnCustomEvent,1,OnCustomEvent,TRUE,TRUE,,,,,,,,,event,
456,发出玩家自定义的事件,2,event/3,,,,DispatchCustomEvent,2,DispatchCustomEvent,TRUE,TRUE,,,,,,,,,event,
457,JailBreakPlayerJoin,2,event/2,,,,OnJailBreakPlayerJoin,1,OnJailBreakPlayerJoin,TRUE,,,,,,,,,,event,
458,JailBreakPlayerQuit,2,event/2,,,,OnJailBreakPlayerQuit,1,OnJailBreakPlayerQuit,TRUE,,,,,,,,,,event,
459,UpdateJailBreakMission,2,entity/3,,,,UpdateJailBreakMission,2,UpdateJailBreakMission,TRUE,,,,,1:Int;2:Int,,,,,module/10,
460,【废弃】暂停音效,,game/3,,,,PauseSoundEntity,2,PauseSoundEntity,TRUE,,,,,,3,,,,action/1,
461,【废弃】继续播放音效,,game/3,,,,ResumeSoundEntity,2,ResumeSoundEntity,TRUE,,,,,,3,,,,action/1,
462,相机投影类型,,data/1,,,,CameraProjectionMode,4,CameraProjectionMode,,,,,,,1,,,,data/10001,
463,【废弃】读取数据库值,2,data,,,,ReadDBSheetValue,2,ReadDBSheetValue,TRUE,,,P4=P1.SheetType,1;2;3;4,FE_1:DataSheet,3,,,,module/31,
464,【废弃】写入数据库值,2,data,,,,WriteDBSheetValue,2,WriteDBSheetValue,TRUE,,,P4=P1.SheetType,1;2;3;4,FE_1:DataSheet,3,,,,module/31,
465,【废弃】删除数据库记录,2,data,,,,DeleteDBSheetValue,2,DeleteDBSheetValue,TRUE,,,,1;2;3,FE_1:DataSheet,3,,,,module/31,
466,【废弃】读取数据库排行榜值,2,data,,,,ReadDBLeaderboardValue,2,ReadDBLeaderboardValue,TRUE,,,,1;2;3,FE_1:RankSheet,3,,,,module/31,
467,【废弃】写入数据库排行榜值,2,data,,,,WriteDBLeaderboardValue,2,WriteDBLeaderboardValue,TRUE,,,,1;2;3,FE_1:RankSheet,3,,,,module/31,
468,【废弃】根据Key删除数据库排行榜值,2,data,,,,DeleteDBLeaderboardValueByKey,2,DeleteDBLeaderboardValueByKey,TRUE,,,,1;2,FE_1:RankSheet,3,,,,module/31,
469,【废弃】根据名次删除数据库排行榜值,2,data,,,,DeleteDBLeaderboardValueByOrder,2,DeleteDBLeaderboardValueByOrder,TRUE,,,,1;2,FE_1:RankSheet,3,,,,module/31,
470,【废弃】根据名次范围读取数据库排行榜值,2,data,,,,ReadDBLeaderboardValuesByRange,2,ReadDBLeaderboardValuesByRange,TRUE,,,,1;2;3;4,FE_1:RankSheet,3,,,,module/31,
471,添加脚本,,game/1,,,,AddScript,2,AddScript,TRUE,,,,,FE_2:ScriptID,1,,,,action/1,
472,移除脚本,,game/1,,,,RemoveScript,2,RemoveScript,TRUE,,,,,FE_2:ScriptID,1,,,,action/1,
473,是否存在脚本,,game/1,,,,ExistScript,3,ExistScript,,,,,,FE_2:ScriptID,1,,,,action/1,
474,相机遮蔽类型,,data/1,,,,CameraBlockMode,4,CameraBlockMode,,,,,,,1,,,,data/10001,
475,SetReplicationDataSmoothly,,entity/1,,,,SetReplicationDataSmoothly,2,SetReplicationDataSmoothly,TRUE,TRUE,,P2=P1 PropertyT >;P3=P2.PropertyType,,FE_2:TweenProperty,,,,,action/1,
476,人物技能枚举,,data/1,,,,PlayerSkillType,4,PlayerSkillType,,,,PlayerSkillID,,,,,,,data/10001,T_49_SD_SEARCHKEY_PLAYERSKILLENUM
477,获取人物技能列表,,game/1,,,,GetPlayerSkills,3,GetPlayerSkills,,,,,,,,,,,module/11,
478,设置人物技能列表,,game/1,,,,SetPlayerSkills,2,SetPlayerSkills,TRUE,,,,,,,,,,module/11,
479,创建自定义UI控件,,game/1,497,,,CreateCustomHudWidget,2,CreateCustomHudWidget,TRUE,,,P1=HudWidget P2.WidgetType,,2:Enum_HudWidgetType,1,,,,action/22,
480,单返回射线检测,,game/2,,,,SingleRaycast,2,SingleRaycast,TRUE,,,,1;2;3;4|5;6;7;8;9,,,,,,module/33,
481,多返回射线检测,,game/2,,,,MultiRaycast,2,MultiRaycast,TRUE,,,,1;2;3;4|5;6;7;8;9,,,,,,module/33,
482,【废弃】玩家骨骼枚举,,data/1,,,,PlayerBonesType,4,PlayerBonesType,,,,,,,3,,,,data/10001,
483,【废弃】设置玩家骨骼大小缩放,,entity/2,,,,SetPlayerBonesScale,2,SetPlayerBonesScale,TRUE,,,,,,3,,,,module/11,
484,圆形进度条倒计时结束,,event/1,,,,OnCountdownFinished,1,OnCountdownFinished,TRUE,,,,,,1,,,,event,
485,读取CSV表某单元数据通过行数和列名,2,data/1,,,,ReadCSVDataCellByRowAndColName,3,ReadCSVDataCellByRowAndColName,,,,,,FE_1:SelectCSV;2:Int=1,,,,,data/43,
486,从Prefab创建实体,2,entity/3,,,,CreateEntityFromPrefab,2,CreateEntityFromPrefab,TRUE,,P2=P1,P1=P2.T0,,2:PrefabGetter,,,,,action/1,
487,私有-当拾取时,,event/2,,,,OnPickup,1,OnPickup,TRUE,,,,,,,,,,event,
488,私有-当丢下时,,event/2,,,,OnDrop,1,OnDrop,TRUE,,,,,,,,,,event,
489,私有-当装备时,,event/2,,,,OnEquip,1,OnEquip,TRUE,,,,,,,,,,event,
490,私有-当地雷启动时,,event/2,,,,OnLandmineObjStart,1,OnLandmineObjStart,TRUE,,,,,,,,,,event,
491,私有-当地雷触发时,,event/2,,,,OnLandmineObjTrigger,1,OnLandmineObjTrigger,TRUE,,,,,,,,,,event,
492,私有-当使用时,,event/2,,,,OnUse,1,OnUse,TRUE,,,,,,,,,,event,
493,私有-当爆炸时,,event/2,,,,OnThrowHit,1,OnThrowHit,TRUE,,,,,,,,,,event,
494,玩家【击飞】效果,,entity/2,,,,HitFlyPlayer,2,HitFlyPlayer,TRUE,,,,,,,,,,module/11,
495,列表内容是否相同,,data/3,,,,ListIsEqual,3,ListIsEqual,,,,,,,,,,,data/2,
496,私有-当钩锁枪发射时,,event/2,,,,OnFires,1,OnFires,,,,,,,,,,,event,
497,获取服务器时间戳,,data/1,,,,GetServerTime,3,GetServerTime,,,,,,,,,,,module/39,
498,获取服务器区域,,data/1,,,,GetServerRegion,3,GetServerRegion,,,,,,,,,,,action/1,
499,喷射击中时,,event/2,,,,OnSprayedByWeapon,1,OnSprayedByWeapon,,,,,,,1,,,,event,
500,染色,,game/2,,,,DyeingPosition,2,DyeingPosition,TRUE,,,,,,1,,,,module/32,
501,查询token数量,2,game/2,,,,GetPlayerTokenNum,2,GetPlayerTokenNum,TRUE,,,,,,,,,,module/14,
502,增加玩家token,2,game/2,,,,AddTokenToPlayer,2,AddTokenToPlayer,TRUE,,,,,,,,,,module/14,
503,消耗玩家token,2,game/2,,,,PlayerRemoveToken,2,PlayerRemoveToken,TRUE,,,,,,,,,,module/14,
504,位置生成token,2,game/2,,,,AddTokenAtPosition,2,AddTokenAtPosition,TRUE,,,,,,,,,,module/14,
505,返回最大数值,,data/1,,,,Max,3,Max,,,,R=0 P1 P2 ?number,,,,,,,data/4,
506,返回列表最大数值,,data/1,,,,ListFindMax,2,ListFindMax,TRUE,,,,,,,,,,data/2,
507,返回最小数值,,data/1,,,,Min,3,Min,,,,R=0 P1 P2 ?number,,,,,,,data/4,
508,返回列表最小数值,,data/1,,,,ListFindMin,2,ListFindMin,TRUE,,,,,,,,,,data/2,
509,返回插值,,data/1,,,,Lerp,3,Lerp,,,,,,,,,,,data/4,
510,返回限制数值,,data/1,,,,Clamp,3,Clamp,,,,R=0 P1 P2 P3 ?number,,,,,,,data/4,
511,取得颜色(RGBA)值通道,,data/1,,,,ColorGetChannel,2,ColorGetChannel,TRUE,,,,,,1,,,,action/1,
512,获取玩家服装ID,,entity/2,,,,GetPlayerClothIDByWardrobeType,3,GetPlayerClothIDByWardrobeType,,,,,,,,,,,module/17,
513,设置玩家服装ID,,entity/2,,,,SetPlayerClothID,2,SetPlayerClothID,TRUE,,,,,FE_2:ClothID,,,,,module/17,
514,恢复玩家默认服装,,entity/2,,,,ReSetPlayerClothes,2,ReSetPlayerClothes,TRUE,,,,,,,,,,module/17,
515,根据位置获取染色状态,,game/2,,,,GetDyeingState,3,GetDyeingState,TRUE,,,,,,1,,,,module/32,
516,统计染色数量图元,,game/2,,,,GetDyeingCount,3,GetDyeingCount,TRUE,,,,,,1,,,,module/32,
517,对平面染色,,game/2,,,,DyeingPlane,2,DyeingPlane,TRUE,,,,,,1,,,,module/32,
518,对区域染色,,game/2,,,,DyeingArea,2,DyeingArea,TRUE,,,,,,1,,,,module/32,
519,切换玩家区域,,game/3,377,,,SwitchPlayerArea,2,SwitchPlayerArea,TRUE,,,,1;2;3;4,FE_2:SceneID,1,,,,action/13,
520,玩家切换区域成功,,event/2,,,,OnSwitchPlayerArea,1,OnSwitchPlayerArea,TRUE,,,,,,1,,,,event,
521,私有-停止开火时,,event/2,,,,OnStopFire,1,OnStopFire,TRUE,,,,,,,,,,event,
522,玩家服装部件枚举,,data/1,,,,WardrobeType,4,WardrobeType,,,,,,,,,,,data/10001,
523,设置相机CullingMask,,game/1,501,,,SetCameraCullingMask,2,SetCameraCullingMask,TRUE,,,,,,1,,,,module/8,
524,设置相机CullingMask对某层是否可见,,game/1,503,,,AddOrRemoveCameraCullingMask,2,AddOrRemoveCameraCullingMask,TRUE,,,,,,1,,,,module/8,
525,染色颜色类型,,data/1,,,,SprayColor,4,SprayColor,,,,,,,1,,,,data/10001,
526,当AI开始追击时,,event/2,95,,,OnAIStartChase,1,OnAIStartChase,TRUE,,,,,,1,,,,event,
527,当AI停止追击时,,event/2,94,,,OnAIStopChase,1,OnAIStopChase,TRUE,,,,,,1,,,,event,
528,设置玩家界面显示开关,,entity/2,,,,SetPlayerHubSwitch,2,SetPlayerHubSwitch,TRUE,,,,,2:PlayerHudSwitchType;3:CommonHudSwitchValue,,,,,module/11,
529,玩家界面显示开关类型,,data/1,,,,PlayerHudSwitchType,4,PlayerHudSwitchType,,,,,,,,,,,data/10001,
530,获取相机CullingMask,,game/1,502,,,GetCameraCullingMask,3,GetCameraCullingMask,TRUE,,,,,,1,,,,module/8,
531,获取场景对应的天空盒,,data/1,,,,GetSceneSkybox,3,GetSceneSkybox,,,,,,FE_1:SceneID,1,,,,action/13,
532,字符串转整形,,data/1,,,,String2Int,2,String2Int,TRUE,,,,,,,,,,data/6,
533,字符串转浮点数,,data/1,,,,String2Float,2,String2Float,TRUE,,,,,,,,,,data/6,
534,切换玩家武器,,entity/1,,,,SwitchWeaponBySlot,2,SwitchWeaponBySlot,TRUE,,,,,,,,,,action/15,
535,切换武器槽位类型,,data/1,,,,SwitchWeaponEquipSlot,4,SwitchWeaponEquipSlot,,,,,,,,,,,data/10001,
536,获取玩家枪皮,,entity/2,,,,GetPlayerWeaponSkinIDByWeaponID,3,GetPlayerWeaponSkinIDByWeaponID,,,,,,2:ItemGoodsIDType;FE_2:ItemID,,,,,module/17,
537,设定玩家枪皮,,entity/2,,,,SetPlayerWeaponSkinID,2,SetPlayerWeaponSkinID,TRUE,,,,,FE_2: WeaponSkinID,,,,,module/17,
538,恢复玩家默认枪皮,,entity/2,,,,ReSetPlayerWeaponSkinByWeaponID,2,ReSetPlayerWeaponSkinByWeaponID,TRUE,,,,,2:ItemGoodsIDType;FE_2:ItemID,,,,,module/17,
539,删除所有子节点,,entity/3,,,,ClearAllChildren,2,ClearAllChildren,TRUE,,,,,,,,,,action/1,
540,通过ID获取子节点,,entity/3,,,,GetChildByIndex,3,GetChildByIndex,,,,,,,,,,,action/1,
541,获取所有子节点,,entity/3,,,,GetChildren,3,GetChildren,,,,,,,,,,,action/1,
542,获取父节点,,entity/3,,,,GetParent,3,GetParent,,,,,,,,,,,action/1,
543,【已废弃】创建特效全体新,,game/3,,,,CreateEffectEntityNew,2,CreateEffectEntityNew,TRUE,,,,1;3,3:EffectType;FE_3:EffectID;1:EffectEntity,1,,,,action/1,
545,【已废弃】创建特效玩家新,,game/3,,,,CreateEffectEntityPlayerNew,2,CreateEffectEntityNew,TRUE,,,,,3:EffectType;FE_3:EffectID;1:EffectEntity,1,,,,action/1,
547,创建时间戳本地化字符串,,data/1,,,,CreateTimestampLocString,3,CreateTimestampLocString,,,,,,2:TimestampFormatStyle,1,,,,data/6,
548,时间戳格式化显示样式,,data/1,,,,TimestampFormatStyle,4,TimestampFormatStyle,,,,,,,1,,,,data/10001,
549,创建字典,,data/1,,,,NewMap,3,NewMap,,,,map_dictionary,,,1,,,,data/3,T_49_SD_SEARCHKEY_MAPCREATE
550,按key获取字典值,,data/1,,,,MapGetValue,3,MapGetValue,,,,R=P1.T1,,,1,,MapName[Key],,data/3,T_49_SD_SEARCHKEY_MAPGET
551,修改字典值,,data/1,,,,MapSetValue,2,MapSetValue,TRUE,,,,,,1,,MapName[Key] = Value,,data/3,T_49_SD_SEARCHKEY_MAPSET
552,移除字典值,,data/1,,,,MapRemoveValue,2,MapRemoveValue,,,,,,,1,,,,data/3,T_49_SD_SEARCHKEY_MAPREMOVE
553,清除字典,,data/1,,,,MapClear,2,MapClear,,,,,,,1,,,,data/3,T_49_SD_SEARCHKEY_MAPCLEAR
554,获得Map长度,,data/1,,,,MapGetLength,3,MapGetLength,,,,,,,1,,,,data/3,T_49_SD_SEARCHKEY_MAPLENGTH
555,通用HUD开关值,,data/1,,,,CommonHudSwitchValue,4,CommonHudSwitchValue,,,,,,,,,,,data/10001,
556,性别枚举,,data/1,,,,GenderType,4,GenderType,,,,,,,,,,,data/10001,
557,油桶爆炸时,,event/2,,,,OnOildrumExplode,1,OnOildrumExplode,TRUE,,,,,,,,,,event,
558,创建小地图图标,,entity/1,,,,CreateMapIconEntity,2,CreateMapIconEntity,TRUE,,,,,3:IconType;1:MiniMapIcon,,,,,module/34,
559,OnInternalHUDClick,,event/2,,,,OnInternalHUDClick,1,OnInternalHUDClick,TRUE,,,,,,1,,,,event,
560,客户端相机射线检测时,,event/1,,,,OnClientCameraRayCast,1,OnClientCameraRayCast,TRUE,,,,,,,,,,event,
561,创建小地图像素,,entity/1,,,,CreateMapBitEntity,2,CreateMapBitEntity,TRUE,,,,,,,,,,module/34,
562,当发生碰撞时,,event/2,,,,OnCollisionEnter,1,OnCollisionEnter,TRUE,,,,,,,,,,event,
563,当碰撞结束时,,event/2,,,,OnCollisionExit,1,OnCollisionExit,TRUE,,,,,,,,,,event,
564,盒体扫描检测,,game/2,,,,BoxCast,2,BoxCast,TRUE,,,,1;2;3|4;5;6;7;8,,,,,,module/33,
565,球体扫描检测,,game/2,,,,SphereCast,2,SphereCast,TRUE,,,,1;2;3;4|5;6;7,,,,,,module/33,
566,胶囊体扫描检测,,game/2,,,,CapsuleCast,2,CapsuleCast,TRUE,,,,1;2;3;4;5|6;7;8;9,,,,,,module/33,
567,盒体重叠检测,,game/2,,,,BoxOverlap,2,BoxOverlap,TRUE,,,,1;2;3|4;5;6,,,,,,module/33,
568,球体重叠检测,,game/2,,,,SphereOverlap,2,SphereOverlap,TRUE,,,,1;2;3|4;5,,,,,,module/33,
569,胶囊体重叠检测,,game/2,,,,CapsuleOverlap,2,CapsuleOverlap,TRUE,,,,1;2;3;4|5;6;7,,,,,,module/33,
570,AI攻击实体,,entity/4,96,,,AIRealAttackEntity,2,AIRealAttackEntity,TRUE,,,,,,1,,,,action/9,
571,当AI开始攻击时,,event/2,93,,,OnAIStartAttack,1,OnAIStartAttack,TRUE,,,,,,1,,,,event,
572,当AI停止攻击时,,event/2,92,,,OnAIStopAttack,1,OnAIStopAttack,TRUE,,,,,,1,,,,event,
573,获得玩家小地图,,entity/1,,,,GetPlayerMiniMap,3,GetPlayerMiniMap,TRUE,,,,,,1,,,,module/34,
574,批量修改玩家服饰,,entity/2,,,,SetPlayerClothIDs,2,SetPlayerClothIDs,TRUE,,,,,,1,,,,module/17,
575,去除玩家服装,,entity/2,,,,RemovePlayerClothIDByWardrobeType,2,RemovePlayerClothIDByWardrobeType,TRUE,,,,,,,,,,module/17,
576,去除玩家枪皮,,entity/2,,,,RemovePlayerWeaponSkinByWeaponID,2,RemovePlayerWeaponSkinByWeaponID,TRUE,,,,,2:ItemGoodsIDType;FE_2:ItemID,,,,,module/17,
8000,是否循环重载,0,data/1,26,,,AnimationOverrideLoopType,4,AnimationOverrideLoopType,,,,,,,,,,,data/10001,
8001,播放动画,0,game/3,377,,,PlayAnimationByController,2,PlayAnimationByController,TRUE,,,,,FE_2:AnimationControllerStates;FE_4:AnimationOverrideLoopType;4:AnimationOverrideLoopType,,,,,action/35,
8002,动画片段播放结束,0,event/1,,,,OnAnimationClipEnd,1,OnAnimationClipEnd,TRUE,,,,,,,,,,event,
8003,动画状态播放结束,0,event/1,,,,OnAnimationStateEnd,1,OnAnimationStateEnd,TRUE,,,,,,,,,,event,
8004,进入行为树节点,2,event/1,,,,OnNodeEnter,1,OnNodeEnter,TRUE,,,,,,,,,,event,
8005,退出行为树节点,2,event/1,,,,OnNodeExit,1,OnNodeExit,TRUE,,,,,,,,,,event,
8006,设置动画身体部位的权重,0,game/3,377,,,SetBodyPartTrackWeight,2,SetBodyPartTrackWeight,TRUE,,,,,,,,,,action/35,
8010,Avatar换装,2,game/3,377,,,ChangeAvatarPart,2,ChangeAvatarPart,TRUE,,,,,,,,,,action/37,
8011,启用Avatar部件,2,game/3,377,,,EnableAvatarPart,2,EnableAvatarPart,TRUE,,,,,,,,,,action/37,
8012,关闭Avatar部件,2,game/3,377,,,DisableAvatarPart,2,DisableAvatarPart,TRUE,,,,,,,,,,action/37,
8013,切换自定角色,2,game/3,377,,,SwitchPresetCharacterType,2,SwitchPresetCharacterType,TRUE,,,,,,,,,,module/11,
8014,播放自定表情,2,game/3,377,,,PlayCharacterAnimationClip,2,PlayCharacterAnimationClip,TRUE,,,,,,,,,,module/11,
8015,播放自定表情高级,2,game/3,377,,,PlayCharacterAnimationClipOverride,2,PlayCharacterAnimationClipOverride,TRUE,,,,,,,,,,module/11,
8016,停止动画,0,game/3,377,,,StopAnimationByController,2,StopAnimationByController,TRUE,,,,,FE_2:AnimationControllerStates,,,,,action/35,
8017,创建骨骼注视控制器,2,game/3,377,,,CreateSkeletonPartLookAtController,2,CreateSkeletonPartLookAtController,TRUE,,,,,,,,,,action/35,
10015,FE 可见层级枚举 VisibilityLayer,2,data/1,,,,VisibilityLayer,4,VisibilityLayer,,,,,,,1,,,,data/10001,
10016,FE 枪皮类型枚举,2,data/1,,,,WeaponSkinID,4,WeaponSkinID,,,,WeaponSkinID,,,1,,,,data/10001,T_49_SD_SEARCHKEY_WEAPONSKINENUM
10017,FE 服装类型枚举,2,data/1,,,,ClothID,4,ClothID,,,,ClothID,,,1,,,,data/10001,T_49_SD_SEARCHKEY_CLOTHENUM
10018,添加注释,2,game/1,1000,,,Comment,,,,,,input_comments,,,1,,//comment,,action/1,T_49_SD_SEARCHKEY_COMMENT
10019,FE 选择Prefab,2,data,95,,,PrefabGetter,,,,,,PrefabGetter,,,1,,,,data/10000,T_49_SD_SEARCHKEY_PREFAB
10020,FE 选择ECA 脚本,2,data,,,,ScriptID,,,,,,ScriptID,,,1,,,,data/10000,T_49_SD_SEARCHKEY_SCRIPTID
10032,FE 选择行为树,2,data/1,,,,BTreeID,,,,,,BTreeID,,,,,,,data/10000,T_49_SD_SEARCHKEY_BTREEID
10021,FE 物理层级枚举 PhysicalLayer,2,data/1,,,,PhysicalLayer,4,PhysicalLayer,,,,,,,1,,,,data/10001,
10022,FE 裸资源收集,2,data/1,,,,RawResource,3,,,,,RawResource,,,,,,,data/10000,T_49_SD_SEARCHKEY_RAWID
10023,AI技能枚举,,data/1,,,,AISkillType,4,AISkillType,,,,,,,1,,,,data/10001,
10024,行为树节点状态,2,data/1,,,,BTreeNodeState,4,BTreeNodeState,,,,,,,,,,,data/10001,
10025,FE 动画状态枚举 AnimationControllerStates,2,data/1,,,,AnimationControllerStates,4,AnimationControllerStates,,,,,,,1,,,,data/10001,
577,字典是否存在key,,data/1,,,,MapContainKey,3,MapContainKey,,,,,,,1,,,,data/3,T_49_SD_SEARCHKEY_MAPCONTAIN
578,获取随机出生点可用位置,,game/1,,,,GetRandomSpawnPosVec3,3,GetRandomSpawnPosVec3,,,,,,,,,,,module/11,
579,传送玩家,,game/1,,,,TeleportPlayerPositionAndForward,2,TeleportPlayerPositionAndForward,TRUE,,,,,,,,,,module/11,
580,获取队友附近位置,,game/1,,,,GetTeammateNearPosVec3,3,GetTeammateNearPosVec3,,,,,,,,,,,module/29,
582,实体销毁时,,event/2,,,,OnDestroy,1,OnDestroy,TRUE,,,,,,,,,,event,
583,清除染色,,game/2,,,,DyeingReset,2,DyeingReset,TRUE,,,,,,1,,,,module/32,
584,私有-当界面被打开时,,event/2,100,,,OnShow,1,OnShow,TRUE,,,,,,,,,,event,
585,私有-当界面被关闭时,,event/2,99,,,OnHide,1,OnHide,TRUE,,,,,,,,,,event,
586,踢出玩家,,game/1,,,,KickOutPlayer,2,KickOutPlayer,TRUE,,,,,,,,,,module/11,
588,buf枚举,2,data/1,,,,InternalBuffType,4,InternalBuffType,,,,,,,,,,,data/10001,
589,获取玩家buff列表,2,game/1,,,,GetInternalBuffs,3,GetInternalBuffs,,,,,,,,,,,module/12,
590,添加玩家buff,2,game/1,,,,AddInternalBuff,2,AddInternalBuff,TRUE,,,,,,,,,,module/12,
591,移除玩家buff,2,game/1,,,,RemoveInternalBuff,2,RemoveInternalBuff,TRUE,,,,,,,,,,module/12,
592,AI使用技能,,game/2,,,,AICastSkill,2,AICastSkill,TRUE,,,,,,1,,,,action/9,
593,寻路,,game/2,,,,FindStraightPath,2,FindStraightPath,TRUE,,,,,,,,,,action/13,
594,行为树设置黑板值,,game/2,,,,SetBlackBoard,2,SetBlackBoard,TRUE,,,,,,,,,,action/36,
595,行为树获取黑板值,,game/2,,,,GetBlackBoard,2,GetBlackBoard,TRUE,,,,,,,,,,action/36,
596,获取节点参数,,game/2,,,,GetBTreeNodeParam,2,GetBTreeNodeParam,TRUE,,,,,,,,,,action/36,
597,开启特殊装置,,entity/3,,,,ToggleSpecialItemState,2,ToggleSpecialItemState,TRUE,,,,,2:SpecialItemGoodsIDType,,,,,action/15,
598,特殊道具ID类型,,data/1,26,,,SpecialItemGoodsIDType,4,SpecialItemGoodsIDType,,,,SpecialItemGoodsIDType,,,,,,,data/10001,T_49_SD_SEARCHKEY_SPECIALITEMENUM
599,QuitJailBreakMiniGame,2,entity/3,,,,QuitJailBreakMiniGame,2,QuitJailBreakMiniGame,TRUE,,,,,1:Player;2:Int,,,,,module/10,
600,GiveJailBreakItem,2,entity/3,,,,GiveJailBreakItem,2,GiveJailBreakItem,TRUE,,,,,1:Player;2:Int;3:Int,,,,,module/10,
601,装备栏槽位枚举,,data/1,,,,EquipmentSlot,4,EquipmentSlot,,,,,,,,,,,data/10001,
602,获取背包道具栏中物品,,game/2,,,,GetPlayerItems,2,GetPlayerItems,TRUE,,,,,,,,,,action/15,
603,【废弃】读取累计数据,2,data,,,,ReadDBAccumulatedData,2,ReadDBAccumulatedData,TRUE,,,ReadStatisticalSheetV2,1;2;3,,3,,,,module/31,
604,【废弃】写入累计数据偏移值,2,data,,,,WriteDBAccumulatedDataOffset,2,WriteDBAccumulatedDataOffset,TRUE,,,WriteStatisticalSheetV2,1;2;3;4,,3,,,,module/31,
605,为玩家发放武器配件,,entity/3,,,,AddAttachmentsToPlayer,2,AddAttachmentsToPlayer,TRUE,,,,,FE_3:EquipItemID_Attachment,,,,,action/15,
606,击中部位枚举,,data/1,,,,HitBodyPart,4,HitBodyPart,,,,,,,,,,,data/10001,
607,获取背包装备栏中物品,,game/2,,,,GetPlayerEquipments,2,GetPlayerEquipments,TRUE,,,,,,,,,,action/15,
608,读取CSV全表数据,2,data/1,,,,ReadCSVDataAllOverMode,3,ReadCSVDataAllOverMode,,,,,,,,,,,module/10,
609,读取CSV表某一行数据,2,data/1,,,,ReadCSVDataRowOverMode,3,ReadCSVDataRowOverMode,,,,,,2:Int=1,,,,,module/10,
610,读取CSV表某一列数据,2,data/1,,,,ReadCSVDataColOverMode,3,ReadCSVDataColOverMode,,,,,,2:Int=1,,,,,module/10,
611,读取CSV表某单元数据,2,data/1,,,,ReadCSVDataCellOverMode,3,ReadCSVDataCellOverMode,,,,,,2:Int=1;3:Int=1,,,,,module/10,
612,文本输入事件,,event/1,,,,OnSyncInputText,1,OnSyncInputText,TRUE,,,,,,1,,,,event,
613,施加线性力,,game/2,,,,AddForce,2,AddForce,TRUE,,,,,,1,,,,module/33,
614,施力于某位置,,game/2,,,,AddForceAtPosition,2,AddForceAtPosition,TRUE,,,,,,1,,,,module/33,
615,施加力矩,,game/2,,,,AddTorque,2,AddTorque,TRUE,,,,,,1,,,,module/33,
616,移动刚体,,game/2,,,,MovePosition,2,MovePosition,TRUE,,,,,,1,,,,module/33,
617,旋转刚体,,game/2,,,,MoveRotation,2,MoveRotation,TRUE,,,,,,1,,,,module/33,
10026,FE pick CustomHud ID,2,game/2,,,,CustomHudID,,,,,,CustomHudID,,,,,,,data/10000,T_49_SD_SEARCHKEY_CUSTOMHUD
10027,FE pick CustomHudWidget ID,2,game/2,,,,CustomHudWidgetID,,,,,,CustomHudWidgetID,,,,,,,data/10000,T_49_SD_SEARCHKEY_CUSTOMHUDWIDGET
618,私有-受到伤害前事件,,event/2,,,,OnBeforeAttacked,1,OnBeforeAttacked,TRUE,,,,,,,,,,event,
10028,FE pick Attachment ID,2,data,,,,EquipItemID_Attachment,,,,,,EquipItemID_Attachment,,,,,,,data/10000,T_49_SD_SEARCHKEY_ATTACHMENTENUM
10029,FE pick Object3D ID,2,data,,,,Object3DResourceID,,,,,,Object3DResourceID,,,,,,,data/10000,T_49_SD_SEARCHKEY_RESOURCEENUM
619,UI控件填充方向枚举,,data/1,,,,FillDir,4,FillDir,,,,,,,,,,,data/10001,
620,UI控件填充类型枚举,,data/1,,,,FillType,4,FillType,,,,,,,,,,,data/10001,
621,Tween动画图元V2,,game/2,,,,CreateTweenV2,2,CreateTweenV2,TRUE,TRUE,,P2=P1 PropertyT >;P3=P2.PropertyType;P4=P2.PropertyType,8;1;2;3|4;5;6;7;9,FE_2:TweenProperty;FE_6:input_bezier,1,,,,action/30,
622,强制玩家上车,,game/3,,,,GetInTheVehicle,2,GetInTheVehicle,TRUE,,,,,3:SeatType,,,,,action/26,
623,载具座位枚举,,data/3,,,,SeatType,4,SeatType,,,,,,,,,,,data/10001,
624,相对自身运动动画图元,,game/2,,,,CreateSelfRelative,2,CreateSelfRelative,TRUE,TRUE,,P2=P1 PropertyT >;P3=P2.PropertyType,7;1;2;3|4;5;6;8,FE_2:TweenProperty;FE_4:input_bezier,1,,,,action/30,
625,字体枚举,,data/1,,,,FontType,4,FontType,,,,,,,,,,,data/10001,
626,脏字过滤,,game/3,,,,DirtyWordFilter,3,DirtyWordFilter,,,,,,,,,,,action/1,
627,获取玩家车皮,,entity/2,,,,GetVehicleSkin,3,GetVehicleSkin,,,,,,,,,,,module/17,
628,设置玩家车皮,,entity/2,,,,SetVehicleSkin,2,SetVehicleSkin,TRUE,,,,,2:VehicleSkinType;FE_2:VehicleSkinID,,,,,module/17,
629,去除玩家车皮,,entity/2,,,,RemoveVehicleSkin,2,RemoveVehicleSkin,TRUE,,,,,,,,,,module/17,
630,恢复玩家默认车皮,,entity/2,,,,ResetVehicleSkin,2,ResetVehicleSkin,TRUE,,,,,,,,,,module/17,
631,请求匹配,2,game/1,,,,RequestMatchMaking,2,RequestMatchMaking,TRUE,,,,,,,,,,module/11,
632,创建音效(new),,game/3,,,,CreateSoundEntityV2,2,CreateSoundEntityV2,TRUE,,,,,3:AudioType;FE_3:AudioID,,,,,action/1,
633,暂停音效(new),,game/3,,,,PauseSoundEntityV2,2,PauseSoundEntityV2,TRUE,,,,,,1,,,,action/1,
634,继续播放音效(new),,game/3,,,,ResumeSoundEntityV2,2,ResumeSoundEntityV2,TRUE,,,,,,1,,,,action/1,
635,设置玩家坠落伤害,,entity/2,,,,SetPlayerFallingDamage,2,SetPlayerFallingDamage,TRUE,,,,,,,,,,module/11,
636,查询当天token数量限制,2,game/2,,,,GetPlayerTokenCountToday,2,GetPlayerTokenCountToday,TRUE,,,,,,,,,,module/14,
637,休眠刚体,,game/2,,,,Sleep,2,Sleep,TRUE,,,,,,1,,,,module/33,
638,唤醒刚体,,game/2,,,,Wakeup,2,Wakeup,TRUE,,,,,,1,,,,module/33,
639,刚体是否处于休眠,,game/2,,,,IsSleeping,3,IsSleeping,,,,,,,1,,,,module/33,
640,设置刚体休眠阈值,,game/2,,,,SetSleepThreshold,2,SetSleepThreshold,TRUE,,,,,,1,,,,module/33,
641,获取刚体休眠阈值,,game/2,,,,GetSleepThreshold,3,GetSleepThreshold,,,,,,,1,,,,module/33,
642,设置全局刚体休眠阈值,,game/2,,,,SetGlobalSleepThreshold,2,SetGlobalSleepThreshold,TRUE,,,,,,1,,,,module/33,
643,获取全局刚体休眠阈值,,game/2,,,,GetGlobalSleepThreshold,3,GetGlobalSleepThreshold,,,,,,,1,,,,module/33,
644,四元数转欧拉角,,data/4,,,,QuaternionToEulerAngle,3,QuaternionToEulerAngle,TRUE,,,,,,1,,,,data/4,
645,欧拉角转四元数,,data/4,,,,EulerAngleToQuaternion,3,EulerAngleToQuaternion,TRUE,,,,,,1,,,,data/4,
646,轴角转四元数,,data/4,,,,AxisAngleToQuaternion,3,AxisAngleToQuaternion,TRUE,,,,,,1,,,,data/4,
647,四元数转轴角,,data/4,,,,QuaternionToAxisAngle,2,QuaternionToAxisAngle,TRUE,,,,,,1,,,,data/4,
648,添加Bot,,game/3,,,,AddBot,2,AddBot,TRUE,,,,,,,,,,action/1,
649,删除Bot,,game/3,,,,DeleteBot,2,DeleteBot,TRUE,,,,,,,,,,action/1,
650,幂运算,,data/1,,,,Exponentiation,3,Exponentiation,,,,,,,,,,,data/4,
651,对数,,data/1,,,,Log,3,Log,,,,,,,,,,,data/4,
652,方向向量转欧拉角,,data/1,,,,Vector3ToEulerAngles,3,Vector3ToEulerAngles,,,,,,,,,,,data/4,
653,获取字典所有key,,data/1,,,,MapGetAllKeys,3,MapGetAllKeys,,,,,,,1,,,,data/3,T_49_SD_SEARCHKEY_MAPALLKEYS
654,切割字符串,,data/1,,,,SplitString,3,SplitString,,,,,,,,,,,data/5,
655,访问字符串中的值,,data/1,,,,StringFindAt,3,StringFindAt,,,,,,,,,,,data/5,
656,字符串转换大写,,data/1,,,,StringUpper,3,StringUpper,,,,,,,,,,,data/5,
657,字符串转换小写,,data/1,,,,StringLower,3,StringLower,,,,,,,,,,,data/5,
658,移除两侧空白字符,,data/1,,,,StringStrip,3,StringStrip,,,,,,,,,,,data/5,
659,链接字符串,,data/1,,,,StringJoin,3,StringJoin,,,,,,,,,,,data/5,
660,相对自身运动动画图元,,game/2,,,,CreateSelfRelativeFrame,2,CreateSelfRelativeFrame,TRUE,,,P2=P1 PropertyT >;P3=P2.PropertyType,5;1;2|3;4;6,FE_2:TweenProperty,1,,,,action/30,
661,【废弃】按战场码读取数据库值,2,data,,,,ReadDBSheetValueByWorkshopCode,2,ReadDBSheetValue,TRUE,,,,,,3,,,,module/31,
662,【废弃】按战场码写入数据库值,2,data,,,,WriteDBSheetValueByWorkshopCode,2,WriteDBSheetValue,TRUE,,,,,,3,,,,module/31,
663,【废弃】按战场码删除数据库记录,2,data,,,,DeleteDBSheetValueByWorkshopCode,2,DeleteDBSheetValue,TRUE,,,,,,3,,,,module/31,
664,【废弃】按战场码读取数据库排行榜值,2,data,,,,ReadDBLeaderboardValueByWorkshopCode,2,ReadDBLeaderboardValue,TRUE,,,,,,3,,,,module/31,
665,【废弃】按战场码写入数据库排行榜值,2,data,,,,WriteDBLeaderboardValueByWorkshopCode,2,WriteDBLeaderboardValue,TRUE,,,,,,3,,,,module/31,
666,【废弃】按战场码和Key删除数据库排行榜值,2,data,,,,DeleteDBLeaderboardValueByKeyAndWorkshopCode,2,DeleteDBLeaderboardValueByKey,TRUE,,,,,,3,,,,module/31,
667,【废弃】按战场码和名次删除数据库排行榜值,2,data,,,,DeleteDBLeaderboardValueByOrderAndWorkshopCode,2,DeleteDBLeaderboardValueByOrder,TRUE,,,,,,3,,,,module/31,
668,【废弃】按战场码和名次范围读取数据库排行榜值,2,data,,,,ReadDBLeaderboardValuesByRangeAndWorkshopCode,2,ReadDBLeaderboardValuesByRange,TRUE,,,,,,3,,,,module/31,
669,【废弃】按战场码读取累计数据,2,data,,,,ReadDBAccumulatedDataByWorkshopCode,2,ReadDBAccumulatedData,TRUE,,,,,,3,,,,module/31,
670,【废弃】按战场码写入累计数据偏移值,2,data,,,,WriteDBAccumulatedDataOffsetByWorkshopCode,2,WriteDBAccumulatedDataOffset,TRUE,,,WriteStatisticalSheetCrossMap,,,3,,,,module/31,
671,四元数相乘,,data/4,,,,MultiplyQuaternion,3,MultiplyQuaternion,TRUE,,,,,,1,,,,data/4,
672,获取目标方向的旋转,,data/4,,,,LookRotation,3,LookRotation,TRUE,,,,,,1,,,,data/4,
673,四元数球形插值,,data/4,,,,SlerpQuaternion,3,SlerpQuaternion,TRUE,,,,,,1,,,,data/4,
674,设置完成大活动任务,,game/2,,,,CustomMissionComplete,2,CustomMissionComplete,TRUE,,,,,,1,,,,module/14,
675,强制玩家下车,,game/3,,,,GetOutTheVehicle,2,GetOutTheVehicle,TRUE,,,,,,,,,,module/11,
676,【废弃】自定义比赛埋点日志,2,game/3,,,,CustomMatchEventLog,2,CustomMatchEventLog,TRUE,,,,,,3,,,,module/23,
677,【废弃】自定义用户埋点日志,2,game/3,,,,CustomUserEventLog,2,CustomUserEventLog,TRUE,,,,,,3,,,,module/23,
678,获取场景地图ID,2,game/3,,,,GetMapID,3,GetMapID,,,,,,FE_1:SceneID,,,,,action/13,
679,当手持时,,event/2,,,,OnPlayerHandHeld,1,OnPlayerHandHeld,TRUE,,,,,,,,,,event,
680,当装备进装备栏时,,event/2,,,,OnPlayerEquip,1,OnPlayerEquip,TRUE,,,,,,,,,,event,
681,格式化字符串,,data/1,,,,FormatString,3,FormatString,,,,,,,,,,,data/5,
682,丢弃道具,,game/3,,,,DropItemEntity,2,DropItemEntity,TRUE,,,,,,,,,,action/15,
10030,FE 车辆皮肤枚举,2,data/1,,,,VehicleSkinID,4,VehicleSkinID,,,,VehicleSkinID,,,1,,,,data/10001,T_49_SD_SEARCHKEY_VEHICLEENUM
683,Toggle控件状态改变时,2,event/1,,,,OnToggleChange,1,OnToggleChange,TRUE,,,,,,,,,,event,
684,创建空投箱,,game/1,,,,CreateAirDropEntity,2,CreateAirDropEntity,TRUE,,,,,,,,,,action/26,
10031,FE 三维向量运算,2,data/4,,,,Vector3Operation,3,,,,,Vector3Operation,,,,,,,data/4,T_49_SD_SEARCHKEY_V3VOPERATION
10035,FE 获取三维向量分量,2,data/4,,,,Vector3Getter,3,,,,,Vector3Getter,,,,,,,data/4,T_49_SD_SEARCHKEY_V3VGET
10036,FE 设置三维向量分量,2,data/4,,,,Vector3Setter,2,,,,,Vector3Setter,,,,2,,,data/4,T_49_SD_SEARCHKEY_V3VSET
685,移动毒圈,,game/2,400,,,MoveSafeZone,2,MoveSafeZone,TRUE,,,,1;2|3;4;5;6,,,,,,module/39,
686,,1,data/4,,,,Vector2GetX,3,Vector2GetX,,,,,,,,,Vector2.X,,data/4,
687,,1,data/4,,,,Vector2GetY,3,Vector2GetY,,,,,,,,,Vector2.Y,,data/4,
688,,1,data/4,,,,Vector2SetX,2,Vector2SetX,TRUE,,,,,,,2,Vector2.X = value,,data/4,
689,,1,data/4,,,,Vector2SetY,2,Vector2SetY,TRUE,,,,,,,2,Vector2.Y = value,,data/4,
690,,1,data/4,,,,Vector2Add,3,Vector2Add,,,,,,,,,"Vector2{x,y} + Vector2{a,b}",,data/4,
691,,1,data/4,,,,Vector2Sub,3,Vector2Sub,,,,,,,,,"Vector2{x,y} - Vector2{a,b}",,data/4,
692,,1,data/4,,,,Vector2Scale,3,Vector2Scale,,,,,,,,,"Vector2{x,y} * value",,data/4,
693,,1,data/4,,,,Vector2Dot,3,Vector2Dot,,,,,,,,,,,data/4,
694,,1,data/4,,,,Vector2Distance,3,Vector2Distance,,,,,,,,,,,data/4,
695,,1,data/4,,,,Vector2Angle,3,Vector2Angle,,,,,,,,,,,data/4,
696,,,data/4,,,,Vector2Normalize,3,Vector2Normalize,,,,,,,,,,,data/4,
697,,,data/4,,,,Vector2Magnitude,3,Vector2Magnitude,,,,,,,,,,,data/4,
698,,,data/4,,,,Vector2Reflect,3,Vector2Reflect,,,,,,,,,,,data/4,
699,,,data/4,,,,Vector3Reflect,3,Vector3Reflect,,,,,,,,,,,data/4,
700,,,data/2,,,,Vector3ToVector2,3,Vector3ToVector2,,,,,,,,,,,data/6,
701,,,data/2,,,,Vector2ToVector3,3,Vector2ToVector3,,,,,,,,,,,data/6,
702,,,data/1,,,,NewVector2,3,NewVector2,,,,,,,,,"Vector2{x,y}",,data/4,
703,创建伤害跳字,,game/3,,,,CreateUGCDamageNum,2,CreateUGCDamageNum,TRUE,,,,,,,,,,action/1,
704,自定义比赛埋点日志,2,game/3,,,,AddGameEventLogMap,2,AddGameEventLogMap,TRUE,,,,,,,,,,module/23,
705,自定义用户埋点日志,2,game/3,,,,AddUserEventLogMap,2,AddUserEventLogMap,TRUE,,,,,,,,,,module/23,
10037,FE 二维向量运算,2,data/4,,,,Vector2Operation,3,,,,,Vector2Operation,,,,,,,data/4,T_49_SD_SEARCHKEY_V2VOPERATION
10038,FE 获取二维向量分量,2,data/4,,,,Vector2Getter,3,,,,,Vector2Getter,,,,,,,data/4,T_49_SD_SEARCHKEY_V2VGET
10039,FE 设置二维向量分量,2,data/4,,,,Vector2Setter,2,,,,,Vector2Setter,,,,2,,,data/4,T_49_SD_SEARCHKEY_V2VSET
706,请求购买类型,,data/1,,,,RequestPurchaseType,4,RequestPurchaseType,,,,,,,1,,,,data/10001,
707,开始移动时,,event/2,,,,OnPlayerMove,1,OnPlayerMove,TRUE,,,,,,,,,,event,
708,进入待机时,,event/2,,,,OnPlayerIdle,1,OnPlayerIdle,TRUE,,,,,,,,,,event,
709,玩家姿态枚举,,data/1,,,,PlayerPhysXPoseType,4,PlayerPhysXPoseType,,,,,,,,,,,data/10001,
710,当使用技能时,2,event/2,,,,OnPlayerUseSkill,1,OnPlayerUseSkill,TRUE,,,,,,1,,,,event,
711,查询自定义任务进度,2,entity/2,,,,GetCustomMissionProgress,3,GetCustomMissionProgress,,,,,,,1,,,,module/14,
10040,FE 选择PlayerDataID,2,data/1,,,,PlayerDataID,3,,,,,PlayerDataID,,,,,,,data/10000,T_49_SD_SEARCHKEY_PLAYERDATAID
10041,FE 选择AnimationClipID,2,data/1,,,,AnimationClipID,3,,,,,AnimationClipID,,,,,,,data/10000,T_49_SD_SEARCHKEY_ANICLIPID
10042,FE 选择CSV文件,2,data/2,,,,SelectCSV,3,,,,,SelectCSV,,,,,,,data/10000,T_49_SD_SEARCHKEY_GETCSV
712,购买商品前,,event/2,,,,OnBeforeShopPurchase,1,OnBeforeShopPurchase,TRUE,,,,,,,,,,event,
713,当角色控制器触碰实体时,,event/2,,,,OnControllerColliderHit,1,OnControllerColliderHit,TRUE,,,,,,1,,,,event,
714,打印警告信息,1,game/1,445,,,PrintWarning,2,PrintWarning,TRUE,,,,,,,,,,action/1,
715,打印错误信息,1,game/1,446,,,PrintError,2,PrintError,TRUE,,,,,,,,,,action/1,
716,Curve采样,,game/1,,,,CurveEvaluate,3,CurveEvaluate,TRUE,,,,,FE_1:input_bezier,,,,,action/30,
717,TouchPad控件按下时,2,event/1,,,,OnTouchDown,1,OnTouchDown,TRUE,,,,,,,,,,event,
718,TouchPad控件抬起时,2,event/1,,,,OnTouchUp,1,OnTouchUp,TRUE,,,,,,,,,,event,
719,TouchPad控件开始滑动时,2,event/1,,,,OnDragStart,1,OnDragStart,TRUE,,,,,,,,,,event,
720,TouchPad控件滑动时,2,event/1,,,,OnDrag,1,OnDrag,TRUE,,,,,,,,,,event,
721,TouchPad控件滑动结束时,2,event/1,,,,OnDragEnd,1,OnDragEnd,TRUE,,,,,,,,,,event,
723,Joystick控件按下时,2,event/1,,,,OnPressed,1,OnPressed,TRUE,,,,,,,,,,event,
724,Joystick控件释放时,2,event/1,,,,OnReleased,1,OnReleased,TRUE,,,,,,,,,,event,
725,Joystick控件移动时,2,event/1,,,,OnMove,1,OnMove,TRUE,,,,,,,,,,event,
726,背包皮肤ID,2,data/1,,,,BagSkinID,3,BagSkinID,,,,BagSkinID,,,,,,,data/10000,T_49_SD_SEARCHKEY_BAGSKINID
727,设置玩家背包皮肤ID,,game/4,,,,SetBagSkinID,2,SetBagSkinID,TRUE,,,,,2:BagSkinType;FE_2:BagSkinID,,,,,module/17,
728,获取玩家背包皮肤ID,,game/4,,,,GetBagSkinID,3,GetBagSkinID,,,,,,,,,,,module/17,
729,重置玩家背包皮肤ID,,game/4,,,,ResetBagSkinID,2,ResetBagSkinID,TRUE,,,,,,,,,,module/17,
730,移除玩家背包皮肤ID,,game/4,,,,RemoveBagSkinID,2,RemoveBagSkinID,TRUE,,,,,,,,,,module/17,
731,通过Curve获取运算值,,game/1,,,,GetResultFromCurve,3,GetResultFromCurve,,,,,,FE_4:input_bezier,,,,,action/30,
10043,FE 区分日志类型的打印,2,game/1,,,,PrintInfo,2,,,,,PrintInfo,,,,,,,action/1,T_49_SD_SEARCHKEY_LOGINFO
10044,FE 设置客户端父子关系,,entity/1,,,,SetParentClient,2,SetParentClient,TRUE,,,,,,,,,,action/1,
10045,FE 获取挂载点,2,entity/1,,,,GetMountPoint,3,GetMountPoint,TRUE,,,,,,,,,,action/37,
732,站起时,,event/2,,,,OnPlayerStand,1,OnPlayerStand,TRUE,,,,,,,,,,event,
733,Hud设置父子关系,,entity/2,,,,SetHudWidgetParent,2,SetHudWidgetParent,TRUE,,,,,,,,,,action/22,
734,根据相机和触点得到射线,,entity/2,,,,CameraTouchRay,2,CameraTouchRay,TRUE,,,,,,,,,,module/8,
735,播放icon动画效果,,game/3,,,,NotifyIconAnimation,2,NotifyIconAnimation,TRUE,,,,1;2;3;4|5;6;7;8,,,,,,action/1,
736,【废弃】移动角色控制器,,game/1,,,,CCTMove,2,CCTMove,TRUE,,,,,,,,,,module/33,
737,上传自定义结算信息,,game/2,,,,UploadMatchResult,2,UploadMatchResult,TRUE,,,,,,,,,,action/19,
738,世界坐标转换成屏幕坐标,,entity/2,,,,WorldToScreenPoint,2,WorldToScreenPoint,TRUE,,,,,,,,,,module/8,
739,屏幕坐标转换成世界坐标,,entity/2,,,,ScreenToWorldPoint,2,ScreenToWorldPoint,TRUE,,,,,,,,,,module/8,
740,屏幕触控单反回射线检测,,entity/2,,,,CameraSingleRaycast,2,CameraSingleRaycast,TRUE,,,,,,,,,,module/8,
741,屏幕触控多反回射线检测,,entity/2,,,,CameraMultiRaycast,2,CameraMultiRaycast,TRUE,,,,,,,,,,module/8,
742,创建音效,,game/3,,,,CreateSoundEntityV3,2,CreateSoundEntityV3,TRUE,,,,1;2;3|4;5,,,,,,action/30,
743,创建特效,,game/3,,,,CreateEffectEntityV2,2,CreateEffectEntityV2,TRUE,,,,1;2;3|4;5,,,,,,action/30,
10046,FE 选择场景,2,data/1,,,,SceneID,3,SceneID,TRUE,,,SceneID,,,,,,,data/10000,T_49_SD_SEARCHKEY_SCENEENUM
744,反正切函数(坐标),,data/2,,,,Atan2,3,Atan2,,,,,,,,,,,data/4,
745,读取CSV表某一行数据通过列数和内容,2,data/1,,,,ReadCSVDataRowByKey,3,ReadCSVDataRowByKey,,,,,,FE_1:SelectCSV;2:Int=1,,,,,data/43,
746,获得实体所属阵营,,game/4,,,,GetFaction,3,GetFaction,,,,,,,,,,,module/29,
747,实体A是否可以攻击实体B,,game/4,,,,IsActualAttackAble,3,IsActualAttackAble,,,,,,,,,,,module/29,
748,设置可攻击实体,,game/4,,,,SetActualAttackAbleEntity,2,SetActualAttackAbleEntity,TRUE,,,,,3:AttackableOption,,,,,module/29,
749,获得可攻击实体列表,,game/4,,,,GetActualAttackAbleEntity,3,GetActualAttackAbleEntity,,,,,,,,,,,module/29,
10047,访问资产注册属性,2,data/1,,,,FEAssetsRegister,,,,,,PickRegisteredAsset,,,,,,,data/10000,T_49_SD_SEARCHKEY_GETREGISTERED
10048,技能枚举,2,data/1,,,,PlayerSkillID,4,,,,,PlayerSkillID,,,,,,,data/10001,T_49_SD_SEARCHKEY_PLAYERSKILLENUM
750,通过列名读取CSV表某一列数,2,data/1,,,,ReadCSVDataColIntByName,3,ReadCSVDataColIntByName,,,,,,FE_1:SelectCSV,,,,,data/43,
751,实体是否存在组件,,entity/1,,,,HasComponent,3,HasComponent,,,,,,FE_2:ComponentID,,,,,action/1,
752,向实体添加组件,2,entity/1,,,,AddComponent,2,AddComponent,TRUE,,,,,FE_2:ComponentID,,,,,action/1,
753,从实体删除组件,2,entity/1,,,,RemoveComponent,2,RemoveComponent,TRUE,,,,,FE_2:ComponentID,,,,,action/1,
754,重置运动实体,,game/3,,,,ResetPlayable,2,ResetPlayable,TRUE,,,,,,,,,,action/30,
755,应用中退界面配置,2,game/3,,,,ApplyQuitMidwayHudConfig,2,ApplyQuitMidwayHudConfig,TRUE,,,,,,,,,,action/1,
756,创建客户端自定义HUD,1,game/1,500,,,CreateCustomHudClient,2,CreateCustomHudClient,TRUE,TRUE,,,,2:Enum_CustomHud;FE_2:CustomHudID,,,,,action/22,
757,创建客户端特效,,game/3,,,,CreateEffectEntityClient,2,CreateEffectEntityClient,TRUE,,,,,,,,,,action/30,
758,创建客户端内置HUD,,game/3,,,,CreateInternalHudClient,2,CreateInternalHudClient,TRUE,,P2=P1.EnumToType,P1=P2.InternalHudType,,FE_2:InternalHudType,1,,,,action/22,
759,创建客户端音效,,game/3,,,,CreateSoundEntityClient,2,CreateSoundEntityClient,TRUE,,,,,,,,,,action/30,
760,当前玩家,2,entity/1,1090,,,LocalPlayer,3,LocalPlayer,,,,,,,,,,,action/1,
10049,组件ID,2,data/1,,,,ComponentID,2,,TRUE,,,ComponentID,,,,,,,data/10000,T_49_SD_SEARCHKEY_COMPONENTENUM
10050,类型ID,2,data/1,,,,TypeID,2,,TRUE,,,Type,,,,,,,data/10000,T_49_SD_SEARCHKEY_TYPEENUM
761,击倒状态枚举,,data/1,,,,KnockDownStateType,4,KnockDownStateType,,,,,,,,,,,data/10001,
762,当使用水上滑板时,,event/2,,,,OnPlayerSwimSurfing,1,OnPlayerSwimSurfing,TRUE,,,,,,,,,,event,
763,当结束使用水上滑板时,,event/2,,,,OnPlayerStopSwimSurfing,1,OnPlayerStopSwimSurfing,TRUE,,,,,,,,,,event,
764,当结束冲刺时,,event/2,,,,OnPlayerStopDash,1,OnPlayerStopDash,TRUE,,,,,,,,,,event,
765,AI攻击模式枚举,,data/1,,,,ActionType,4,ActionType,,,,,,,,,,,data/10001,
766,创建僵尸,,game/3,,,,CreateZombie,2,CreateZombie,TRUE,,,,1;2;3;4|5;6;7,,,,,,action/9,
767,开火类型,,data/1,,,,FireType,4,FireType,,,,,,,,,,,data/10001,
768,造成伤害前,,event/2,,,,OnBeforeHurt,1,OnBeforeHurt,TRUE,,,,,,,,,,event,
769,获取本地的瞄准方向,,game/3,,,,GetLocalAimDirection,3,GetLocalAimDirection,,,,,,,,,,,module/11,
770,获取本地时间戳,,game/5,,,,GetLocalTimestamp,3,GetLocalTimestamp,,,,,,,,,,,module/39,
771,,1,data/4,,,,VectorSetXClient,3,VectorSetXClient,,,,,,,,1,Vector3.X = value,,data/4,
772,,1,data/4,,,,VectorSetYClient,3,VectorSetYClient,,,,,,,,1,Vector3.Y = value,,data/4,
773,,1,data/4,,,,VectorSetZClient,3,VectorSetZClient,,,,,,,,1,Vector3.Z = value,,data/4,
774,,1,data/4,,,,Vector2SetXClient,3,Vector2SetXClient,,,,,,,,1,Vector2.X = value,,data/4,
775,,1,data/4,,,,Vector2SetYClient,3,Vector2SetYClient,,,,,,,,1,Vector2.Y = value,,data/4,
776,固定帧更新时,,event/1,,,,OnFixedUpdate,1,OnFixedUpdate,TRUE,,,,,,,,,,event,
777,游戏暂停时,,event/1,,,,OnGamePause,1,OnGamePause,TRUE,,,,,,,,,,event,
778,游戏恢复时,,event/1,,,,OnGameResume,1,OnGameResume,TRUE,,,,,,,,,,event,
779,暂停游戏,,game/5,,,,PauseGame,2,PauseGame,TRUE,,,,,,,,,,module/39,
780,判断好友关系,2,game/5,,,,IsFriend,3,IsFriend,,,,,,,,1,,,action/22,
781,当好友关系更新时,2,event/3,,,,OnFriendRelationChange,1,OnFriendRelationChange,,,,,,,,1,,,event,
782,Layout控件排序方式枚举,,data/1,,,,LayoutSortType,4,LayoutSortType,,,,,,,,,,,data/10001,
783,恢复游戏,,game/5,,,,ResumeGame,2,ResumeGame,TRUE,,,,,,,,,,module/39,
784,强制移动角色控制器,2,game/1,,,,CCTTeleport,2,CCTTeleport,TRUE,,,,,,,,,,module/33,
785,开启跳伞,,game/4,,,,StartParachute,2,StartParachute,TRUE,,,,,,,,,,action/26,
786,通过ID获取子节点,,entity/3,,,,GetChildByName,3,GetChildByName,,,,,,,,,,,action/1,
10056,FE 设置二维向量分量,2,data/4,,,,Vector2xySetter,3,,,,,Vector2xySetter,,,,1,,,data/4,T_49_SD_SEARCHKEY_V2VCREATE
10057,FE 设置三维向量分量,2,data/4,,,,Vector3xyzSetter,3,,,,,Vector3xyzSetter,,,,1,,,data/4,T_49_SD_SEARCHKEY_V3VCREATE
787,OnPlayableEachLoop,,event/2,,,,OnPlayableEachLoop,1,OnPlayableEachLoop,TRUE,,,,,,,,,,event,
788,打印断言功能,2,game/1,,,,Assert,2,Assert,TRUE,,,,,,,,,,action/1,
789,当实体可用时,,event/2,,,,OnEnable,1,OnEnable,TRUE,,,,,,,,,,event,
790,当实体不可用时,,event/2,,,,OnDisable,1,OnDisable,TRUE,,,,,,,,,,event,
791,读取数据库值,2,data,,,,ReadDBSheetValue_V2,2,ReadDBSheetValue_V2,TRUE,,,P4=P1.SheetType,1;2;3;4;6,FE_1:DataSheet,,,,,module/31,
792,写入数据库值,2,data,,,,WriteDBSheetValue_V2,2,WriteDBSheetValue_V2,TRUE,,,P4=P1.SheetType,1;2;3;4;6,FE_1:DataSheet,,,,,module/31,
794,读取数据库排行榜值,2,data,,,,ReadDBLeaderboardValue_V2,2,ReadDBLeaderboardValue_V2,TRUE,,,,1;2;3;5,FE_1:RankSheet,,,,,module/31,
795,写入数据库排行榜值,2,data,,,,WriteDBLeaderboardValue_V2,2,WriteDBLeaderboardValue_V2,TRUE,,,,1;2;3;5,FE_1:RankSheet,,,,,module/31,
798,根据名次范围读取数据库排行榜值,2,data,,,,ReadDBLeaderboardValuesByRange_V2,2,ReadDBLeaderboardValuesByRange_V2,TRUE,,,,1;2;3;4;6,FE_1:RankSheet,,,,,module/31,
799,读取累计数据,2,data,,,,ReadDBAccumulatedData_V2,2,ReadDBAccumulatedData_V2,TRUE,,,ReadStatisticalSheet_ERR,,,,,,,module/31,T_49_SD_SEARCHKEY_READSTATIS
800,写入累计数据偏移值,2,data,,,,WriteDBAccumulatedDataOffset_V2,2,WriteDBAccumulatedDataOffset_V2,TRUE,,,WriteStatisticalSheet_ERR,,,,,,,module/31,T_49_SD_SEARCHKEY_WRITESTATIS
801,按战场码读取数据库值,2,data,,,,ReadDBSheetValueByWorkshopCode_V2,2,ReadDBSheetValue_V2,TRUE,,,,,,,,,,module/31,
802,按战场码写入数据库值,2,data,,,,WriteDBSheetValueByWorkshopCode_V2,2,WriteDBSheetValue_V2,TRUE,,,,,,,,,,module/31,
804,按战场码读取数据库排行榜值,2,data,,,,ReadDBLeaderboardValueByWorkshopCode_V2,2,ReadDBLeaderboardValue_V2,TRUE,,,,,,,,,,module/31,
805,按战场码写入数据库排行榜值,2,data,,,,WriteDBLeaderboardValueByWorkshopCode_V2,2,WriteDBLeaderboardValue_V2,TRUE,,,,,,,,,,module/31,
808,按战场码和名次范围读取数据库排行榜值,2,data,,,,ReadDBLeaderboardValuesByRangeAndWorkshopCode_V2,2,ReadDBLeaderboardValuesByRange_V2,TRUE,,,,,,,,,,module/31,
809,按战场码读取累计数据,2,data,,,,ReadDBAccumulatedDataByWorkshopCode_V2,2,ReadDBAccumulatedData_V2,TRUE,,,,,,,,,,module/31,
810,按战场码写入累计数据偏移值,2,data,,,,WriteDBAccumulatedDataOffsetByWorkshopCode_V2,2,WriteDBAccumulatedDataOffset_V2,TRUE,,,WriteStatisticalSheetCross_ERR,,,,,,,module/31,T_49_SD_SEARCHKEY_WRITESTATISCROSS
811,错误码枚举,,data/1,,,,ErrorCode,4,ErrorCode,,,,,,,,,,,data/10001,
821,检查特别关注,2,entity/1,,,,HasSpecialFollow,3,HasSpecialFollow,,,,,,,3,,,,action/1,
822,添加特别关注,2,entity/1,,,,AddSpecialFollow,2,AddSpecialFollow,TRUE,,,,,,3,,,,action/1,
823,移除特别关注,2,entity/1,,,,RemoveSpecialFollow,2,RemoveSpecialFollow,TRUE,,,,,,3,,,,action/1,
824,清空特别关注,2,entity/1,,,,CleanSpecialFollow,2,CleanSpecialFollow,TRUE,,,,,,3,,,,action/1,
825,欧拉角转方向向量,,data/2,,,,EularAngleToVector3,3,EularAngleToVector3,,,,,,,,,,,data/6,
826,整型转浮点,,data/2,,,,IntToFloat,3,IntToFloat,,,,,,,,,,,data/6,
827,根据四元数旋转向量,,data/1,,,,RotateVector,3,RotateVector,,,,,,,,,,,data/4,
828,跳跃结束时,,event/2,,,,OnPlayerJumpStop,1,OnPlayerJumpStop,TRUE,,,,,,,,,,event,
829,坠落开始时,,event/2,,,,OnPlayerFall,1,OnPlayerFall,TRUE,,,,,,,,,,event,
830,坠落结束时,,event/2,,,,OnPlayerFallStop,1,OnPlayerFallStop,TRUE,,,,,,,,,,event,
831,切换玩家观察者,2,entity/1,,,,SwitchUserProxyObserver,2,SwitchUserProxyObserver,TRUE,,,,,,3,,,,action/1,
832,镜头转动角度限制类型,,data/1,,,,CameraViewingAngleRestrictionType,4,CameraViewingAngleRestrictionType,,,,,,,,,,,data/10001,
10058,NumToString,2,data,,,,NumToString,3,,,,,num_to_string,,,,,,,data/6,T_49_SD_SEARCHKEY_NUMTOSTRING
812,删除数据库记录,2,data,,,,DeleteDBSheetValue_V2,2,DeleteDBSheetValue_V2,TRUE,,,,1;2;3;5,FE_1:DataSheet,,,,,module/31,
813,根据Key删除数据库排行榜值,2,data,,,,DeleteDBLeaderboardValueByKey_V2,2,DeleteDBLeaderboardValueByKey_V2,TRUE,,,,1;2;4,FE_1:RankSheet,,,,,module/31,
814,根据名次删除数据库排行榜值,2,data,,,,DeleteDBLeaderboardValueByOrder_V2,2,DeleteDBLeaderboardValueByOrder_V2,TRUE,,,,1;2;4,FE_1:RankSheet,,,,,module/31,
815,按战场码删除数据库记录,2,data,,,,DeleteDBSheetValueByWorkshopCode_V2,2,DeleteDBSheetValue_V2,TRUE,,,,,,,,,,module/31,
816,按战场码和Key删除数据库排行榜值,2,data,,,,DeleteDBLeaderboardValueByKeyAndWorkshopCode_V2,2,DeleteDBLeaderboardValueByKey_V2,TRUE,,,,,,,,,,module/31,
817,按战场码和名次删除数据库排行榜值,2,data,,,,DeleteDBLeaderboardValueByOrderAndWorkshopCode_V2,2,DeleteDBLeaderboardValueByOrder_V2,TRUE,,,,,,,,,,module/31,
818,移动角色控制器,2,game/1,,,,CCTMoveV2,2,CCTMoveV2,TRUE,,,,,,,,,,module/33,
820,UserMessageToPersona,2,game/1,,,,UserMessageToPersona,2,UserMessageToPersona,TRUE,,,,,,,,,,module/46,
833,SystemMessageToPersona,2,game/1,,,,SystemMessageToPersona,2,SystemMessageToPersona,TRUE,,,,,,,,,,module/46,
834,ClearMemory,2,game/1,,,,ClearMemory,2,ClearMemory,TRUE,,,,,,,,,,module/46,
835,OnReceiveContentFromPersona,2,event/1,,,,OnReceiveContentFromPersona,1,OnReceiveContentFromPersona,TRUE,,,,,,,,,,event,
836,OnReceiveActionFromPersona,2,event/1,,,,OnReceiveActionFromPersona,1,OnReceiveActionFromPersona,TRUE,,,,,,,,,,event,
851,判断玩家是否是会员（服务端）,,game/5,,,,IsPremium,2,IsPremium,TRUE,,,,,,,2,,,module/45,
852,唤起会员中心（服务端）,,game/5,,,,OpenPremiumCenter,2,OpenPremiumCenter,TRUE,,,,,,,2,,,module/45,
853,唤起会员中心（客户端）,,game/5,,,,OpenPremiumCenter_Client,2,OpenPremiumCenter_Client,TRUE,,,,,,,1,,,module/45,
854,获取会员到期时间戳（服务端）,,game/5,,,,GetPremiumExpireDate,2,GetPremiumExpireDate,TRUE,,,,,,,2,,,module/45,
855,会员信息改变时,,event/5,,,,OnPremiumChange,1,OnPremiumChange,TRUE,,,,,,,,,,event,
856,进入会员中心时,,event/5,,,,OnPlayerEnterPremiumCenter,1,OnPlayerEnterPremiumCenter,TRUE,,,,,,,,,,event,
857,离开会员中心时,,event/5,,,,OnPlayerLeavePremiumCenter,1,OnPlayerLeavePremiumCenter,TRUE,,,,,,,,,,event,
858,会员状态枚举,,data/5,,,,PremiumState,4,PremiumState,,,,,,,,,,,data/5,
859,判断玩家是否是会员（客户端）,,game/5,,,,IsPremium_Client,2,IsPremium_Client,TRUE,,,,,,,1,,,module/45,
860,获取会员到期时间戳（客户端）,,game/5,,,,GetPremiumExpireDate_Client,2,GetPremiumExpireDate_Client,TRUE,,,,,,,1,,,module/45,
861,枪械皮肤类型枚举,1,data/1,,,,WeaponSkinType,4,WeaponSkinType,,,,,,,,,,,data/10001,
862,载具皮肤类型枚举,1,data/1,,,,VehicleSkinType,4,VehicleSkinType,,,,,,,,,,,data/10001,
863,皮肤类型枚举,1,data/1,,,,ClothType,4,ClothType,,,,,,,,,,,data/10001,
864,背包皮肤类型枚举,1,data/1,,,,BagSkinType,4,BagSkinType,,,,,,,,,,,data/10001,
865,SetPersonaObserver,2,game/1,,,,SetPersonaObserver,2,SetPersonaObserver,TRUE,,,,,,,,,,module/46,
866,UpdateUserNickName,2,game/1,,,,UpdateUserNickName,2,UpdateUserNickName,TRUE,,,,,,,,,,module/46,
867,UserMessageToPersonaStream,2,game/1,,,,UserMessageToPersonaStream,2,UserMessageToPersonaStream,TRUE,,,,,,,,,,module/46,
868,SystemMessageToPersonaStream,2,game/1,,,,SystemMessageToPersonaStream,2,SystemMessageToPersonaStream,TRUE,,,,,,,,,,module/46,
869,设置玩家可自由退出,,game/1,,,,SetPlayerCanFreeQuit,2,SetPlayerCanFreeQuit,TRUE,,,,,,,,,,action/1,
870,添加注释,1,game/1,2000,,,AddComment,2,,TRUE,TRUE,,,,,,,,,action/1,
10059,FE 选择粒子参数文件,2,data/1,,,,ParticlesID,3,ParticlesID,,,,ParticlesID,,,,,,,data/10000,T_49_SD_SEARCHKEY_PARTICLESENUM
871,设置 Global property,2,,,,,SetReplicationData,2,SetReplicationData,TRUE,,,globalvar_set,,,,,globalEntity<{0}>.{1} = Value,,module/39,T_49_SD_SEARCHKEY_GLOBALVARSET
872,获取 Global property,2,,,,,GetReplicationData,3,GetReplicationData,TRUE,,,globalvar_get,,,,,globalEntity<{0}>.{1},,module/39,T_49_SD_SEARCHKEY_GLOBALVARGET
10060,FE 商店枚举,2,data/1,,,,ShopType,4,ShopType,,,,,,,,,,,data/10001,
10061,FE Persona枚举,2,data/1,,,,PersonaType,4,PersonaType,,,,,,,,,,,data/10001,
873,创建随机种子,,data/1,,,,CreateRandomSeed,3,CreateRandomSeed,,,,,,,,,,,data/3,
874,获取下一个随机数,,data/1,,,,Next,3,Next,,,,,,,,,,,data/3,
875,加入队伍,,game/1,,,,JoinTeam,2,JoinTeam,TRUE,,,,,,,,,,module/29,
876,加入新队伍,,game/1,,,,JoinNewTeam,2,JoinNewTeam,TRUE,,,,,,,,,,module/29,
877,OnReceiveFinishFromPersona,2,event/1,,,,OnReceiveFinishFromPersona,1,OnReceiveFinishFromPersona,TRUE,,,,,,,,,,event,
878,OnReceiveStatusFromPersona,2,event/1,,,,OnReceiveStatusFromPersona,1,OnReceiveStatusFromPersona,TRUE,,,,,,,,,,event,
879,当玩家被击倒V2,,event/2,,,,OnKnockedDownV2,1,OnKnockedDownV2,TRUE,,,,,,,,,,event,
10062,FE 选择PersonaID,2,data/1,,,,PersonaID,3,,,,,PersonaID,,,,,,internal,data/10000,T_49_SD_SEARCHKEY_PERSONA
880,OnHudSendMessageToPersona,2,event/1,,,,OnHudSendMessageToPersona,1,OnHudSendMessageToPersona,TRUE,,,,,,,,,,event,
881,雾效枚举,,data/1,,,,FogModeType,4,FogModeType,,,,,,,,,,,data/10001,
819,批量读取数据库值,2,data,,,,BatchReadDBSheetValue,2,BatchReadDBSheetValue,TRUE,,,,1;2;3;4;6,FE_1:DataSheet,,,,,module/31,
837,按战场码批量读取数据值,2,data,,,,BatchReadDBSheetValueByWorkshopCode,2,BatchReadDBSheetValue,TRUE,,,,,,,,,,module/31,
882,开始播放剧情,1,game/1,,,,NotifyStartPlot,2,NotifyStartPlot,TRUE,,,,,,,,,,action/1,
883,当实体切换队伍时,,event/2,,,,OnChangeTeam,1,OnChangeTeam,TRUE,,,,,,,,,,event,
884,CreateTimeLine,,game/1,,,,CreateTimeLine,2,CreateTimeLine,TRUE,,,,,1:Enum_TimeLineID;FE_1:PerformanceID,,,,,module/44,
885,SetTimeLineTrackActor,,game/1,,,,SetTimeLineTrackActor,2,SetTimeLineTrackActor,TRUE,,,,,,,,,,module/44,
886,FE 选择PerformanceID,2,data/1,,,,PerformanceID,3,,,,,PerformanceID,,,,,,,data/10000,T_49_SD_SEARCHKEY_TIMELINE
887,沿路径移动,,game/2,,,,CreateAlongPathMotion,2,CreateAlongPathMotion,TRUE,,,,,,,,,,action/30,
888,CF 选择PlotID,1,data/1,,,,PlotID,4,,,TRUE,,,,,,,,,data/10000,
889,获取客户端语言,,game/5,,,,GetLocalLanguage,3,GetLocalLanguage,,,,,,,,1,,,action/1,
890,剧情对话开始播放,1,event/2,,,,OnPlotStart,1,OnPlotStart,TRUE,,,,,,,,,,event,
891,剧情对话结束,1,event/2,,,,OnPlotEnd,1,OnPlotEnd,TRUE,,,,,,,,,,event,
892,剧情对话选项被触发,1,event/2,,,,OntriggerPlotOption,1,OntriggerPlotOption,TRUE,,,,,,,,,,event,
893,实例化prefab,2,entity/3,,,,InstantiatePrefab,2,InstantiatePrefab,TRUE,,P2=P1,P1=P2.T0,,2:PrefabGetter,,,,,action/1,
894,设置本地玩家位置,,entity/3,,,,SetLocalPlayerPositon,2,SetLocalPlayerPositon,TRUE,,,,,,,,,,module/11,
895,设置本地玩家朝向,,entity/3,,,,SetLocalPlayerForward,2,SetLocalPlayerForward,TRUE,,,,,,,,,,module/11,
896,向量投影,,data/4,35,,,Vector3Projection,3,Vector3Projection,,,,,,,,,,,data/4,
897,获取当前相机,,entity/2,,,,GetCurrentNewCamera,3,GetCurrentNewCamera,,,,,,,,,,,module/8,
898,获取当前相机(clinet),,entity/2,,,,GetCurrentNewCameraForClinet,3,GetCurrentNewCameraForClinet,,,,,,,,,,,module/8,
899,切换相机,,game/2,,,,SwitchNewCamera,2,SwitchNewCamera,TRUE,,,,,3:CameraTransitionType,,,,,module/8,
900,切换相机(clinet),,game/2,,,,SwitchNewCameraForClinet,2,SwitchNewCameraForClinet,TRUE,,,,,,,,,,module/8,
901,创建相机,,game/2,,,,CreateBasicCamera,2,CreateBasicCamera,TRUE,,,,,,,,,,module/8,
902,获取本地时间戳(Ms),,game/5,,,,GetLocalTimestampMs,3,GetLocalTimestampMs,,,,,,,,,,,module/39,
903,获取服务器时间戳(Ms),,data/1,,,,GetServerTimestampMs,3,GetServerTimestampMs,,,,,,,,,,,module/39,
904,时间戳(Ms)本地化字符串,,data/1,,,,TimestampMsToLocalString,3,TimestampMsToLocalString,,,,,,2:TimestampFormatStyle,,,,,data/6,
905,Persona更新上下文,2,game/1,,,,UpdateContextToPersona,2,UpdateContextToPersona,TRUE,,,,,,,,,,module/46,
906,Persona点赞点踩,2,game/1,,,,FeedbackToPersonaContent,2,FeedbackToPersonaContent,TRUE,,,,,,,,,,module/46,
907,Persona记忆回滚,2,game/1,,,,RollbackPersonaMemory,2,RollbackPersonaMemory,TRUE,,,,,,,,,,module/46,
908,收到Persona回复,2,event/1,,,,OnReceiveContentFromPersonaV2,1,OnReceiveContentFromPersonaV2,TRUE,,,,,,,,,,event,
909,刚体约束枚举,,data/1,,,,RigidbodyConstrainType,4,RigidbodyConstrainType,,,,,,,,,,,data/10001,
910,三维向量线性插值,,data/4,,,,LerpVector3,3,LerpVector3,TRUE,,,,,,,,,,data/4,
911,三维向量球形插值,,data/4,,,,SlerpVector3,3,SlerpVector3,TRUE,,,,,,,,,,data/4,
912,设置Basic相机CullingMask,,game/1,,,,SetCustomCameraCullingMask,2,SetCustomCameraCullingMask,TRUE,,,,,,1,,,,module/8,
913,设置Basic相机CullingMask对某层是否可见,,game/1,,,,AddOrRemoveCustomCameraCullingMask,2,AddOrRemoveCustomCameraCullingMask,TRUE,,,,,,1,,,,module/8,
914,获取Basic相机CullingMask,,game/1,,,,GetCustomCameraCullingMask,3,GetCustomCameraCullingMask,TRUE,,,,,,1,,,,module/8,
915,截图,,game/1,,,,CaptureScreenshot,2,CaptureScreenshot,TRUE,,,,,,,,,internal,action/1,
916,BezierGetter,,data/1,,,T_48_META_API_48_D,BezierGetter,3,,,TRUE,,input_bezier,,,,,,,data/10000,T_49_SD_SEARCHKEY_BEZIER
917,播放一次性音效,2,game/3,,,,PlayOneShotSound,2,PlayOneShotSound,TRUE,,,,,,,1,,,action/30,
918,文字溢出时处理方式枚举,,data/1,,,,FondOverFlowMod,4,FondOverFlowMod,,,,,,,1,,,,data/10001,
919,通过UIAsset创建自定义HUD,2,game/1,500,,,CreateCustomHudV2,2,CreateCustomHudV2,TRUE,TRUE,,,,,,,,,action/22,
920,通过UIAsset创建客户端自定义HUD,2,game/1,500,,,CreateCustomHudClientV2,2,CreateCustomHudClientV2,TRUE,TRUE,,,,,,,,,action/22,
10063,Tuple Get,2,data/1,,,,TupleGet,3,,,,,tuple_get,,,,,,,action/1,T_50_HJ_SEARCHKEY_TUPLEGET
10064,Tuple Set,2,data/1,,,,TupleSet,2,,,,,tuple_set,,,,,,,action/1,T_50_HJ_SEARCHKEY_TUPLESET
10065,Tuple Create,2,data/1,,,,TupleCreate,3,,,,,tuple_create,,,,,,,action/1,T_50_HJ_SEARCHKEY_TUPLECREATE
921,渲染质量枚举,,data/1,,,,ERenderQuality,4,ERenderQuality,,,,,,,,,,,data/10001,
922,设置关卡物件高亮,,entity/2,,,,SetLevelObjHighLight,2,SetLevelObjHighLight,TRUE,,,,,,,,,,action/1,
923,按位通用运算,-1,data/2,,,,BitwiseCommon,3,BitwiseCommon,,,,,,,,,,,data/4,
924,按位取反,-1,data/2,,,,BitwiseNot,3,BitwiseNot,,,,,,,,,,,data/4,
925,按位数组转整数,,data/2,,,,BitwiseListToInt,3,BitwiseListToInt,,,,,,,,,,,data/6,
926,整数转按位数组,,data/2,,,,BitwiseIntToList,3,BitwiseIntToList,,,,,,,,,,,data/6,
927,四元数夹角,,data/4,,,,QuaternionAngle,3,QuaternionAngle,,,,,,,,,,,data/4,
928,四元数点积,,data/4,,,,QuaternionDot,3,QuaternionDot,,,,,,,,,,,data/4,
929,四元数求逆,,data/4,,,,QuaternionInverse,3,QuaternionInverse,,,,,,,,,,,data/4,
930,四元数FromTo旋转,,data/4,,,,QuaternionFromToRotation,3,QuaternionFromToRotation,,,,,,,,,,,data/4,
931,四元数朝向插值,,data/4,,,,QuaternionRotateTowards,3,QuaternionRotateTowards,,,,,,,,,,,data/4,
932,获取陀螺仪朝向,,game/1,,,,GetGyroscopeOrientation,3,GetGyroscopeOrientation,,,,,,,,,,,module/40,
933,获取陀螺仪重力,,game/1,,,,GetGyroscopeGravity,3,GetGyroscopeGravity,,,,,,,,,,,module/40,
934,获取陀螺仪旋转速率,,game/1,,,,GetGyroscopeRotationRate,3,GetGyroscopeRotationRate,,,,,,,,,,,module/40,
935,获取陀螺仪无偏旋转速率,,game/1,,,,GetGyroscopeRotationUnbiased,3,GetGyroscopeRotationUnbiased,,,,,,,,,,,module/40,
936,获取用户加速度,,game/1,,,,GetUserAcceleration,3,GetUserAcceleration,,,,,,,,,,,module/40,
937,获取触摸信息,,game/1,,,,GetTouchInfo,2,GetTouchInfo,TRUE,,,,,,,,,,module/40,
938,获取屏幕触摸点数量,,game/1,,,,GetScreenTouchCount,3,GetScreenTouchCount,,,,,,,,,,,module/40,
939,设备震动,,game/1,,,,VibrateDevice,2,VibrateDevice,TRUE,,,,,,,,,,module/40,
940,获取渲染质量,,game/1,,,,GetRenderQuality,3,GetRenderQuality,,,,,,,,,,,module/40,
941,获取渲染分辨率,,game/1,,,,GetRenderResolution,3,GetRenderResolution,,,,,,,,,,,module/40,
942,服务端播放音效V2,,game/3,,,,NotifyPlaySoundV2,2,NotifyPlaySoundV2,TRUE,,,,,,,,,,action/1,
943,客户端播放一次性音效V2,,game/3,,,,PlayOneShotSoundV2,2,PlayOneShotSoundV2,TRUE,,,,,,,,,,action/1,
944,字符串格式化,,data/5,,,,FormatStr,3,FormatStr,,,,,,,,,,,data/5,
945,异步复活玩家,,entity/2,,,,ReviveOnNextFrame,2,ReviveOnNextFrame,TRUE,,,,,,,,,,module/11,
946,异步淘汰战斗实体,,entity/2,,,,EliminateOnNextFrame,2,EliminateOnNextFrame,TRUE,,,,,,,,,,Module/29,
947,异步踢出玩家,,entity/2,,,,QuitFameOnNextFrame,2,QuitFameOnNextFrame,TRUE,,,,,,,,,,module/11,
948,获取麦克风音量,,game/1,,,,GetMicrophoneVolume,2,GetMicrophoneVolume,TRUE,,,,,,,,,,module/40,
949,屏幕触摸开始事件,,event/1,,,,OnScreenTouchBegan,1,OnScreenTouchBegan,TRUE,,,,,,,,,,event,
950,屏幕触摸结束事件,,event/1,,,,OnScreenTouchEnded,1,OnScreenTouchEnded,TRUE,,,,,,,,,,event,
951,粘贴组件,2,entity/2,,,,PasteComponent,2,PasteComponent,TRUE,,,,,,,,,,action/1,
952,读取数据库某列值,2,data,,,,ReadDBSheetColumnValue,2,ReadDBSheetColumnValue,TRUE,,,P4=P1.SheetType TupleIndexT >;P5=P4.PropertyType,1;2;3;4;5;7,FE_1:MulticolSheet;FE_4:SheetColumn,,,,,module/31,
953,按战场码读取数据库某列值,2,data,,,,ReadDBSheetColumnValueByWorkshopCode,2,ReadDBSheetColumnValue,TRUE,,,,,,,,,,module/31,
954,读取数据库中排行榜关联表值,2,data,,,,ReadDBLeaderboardAssociationValue,2,ReadDBLeaderboardAssociationValue,TRUE,,,P3=P1.SheetType,1;2;3;5;6,FE_1:RankSheet,,,,,module/31,
955,按战场码读取数据库中排行榜关联表值,2,data,,,,ReadDBLeaderboardAssociationValueByWorkshopCode,2,ReadDBLeaderboardAssociationValue,TRUE,,,,,,,,,,module/31,
956,根据名次区间读取数据库中排行榜表及关联表值,2,data,,,,ReadDBLeaderboardAssociationValuesByRange,2,ReadDBLeaderboardAssociationValuesByRange,TRUE,,,,1;2;3;4;6;7,FE_1:RankSheet,,,,,module/31,
957,按战场码根据名次区间读取数据库中排行榜表及关联表值,2,data,,,,ReadDBLeaderboardAssociationValuesByRangeByWorkshop,2,ReadDBLeaderboardAssociationValuesByRange,TRUE,,,,,,,,,,module/31,
958,写入数据库中排行榜表和关联表值,2,data,,,,WriteDBLeaderboardAssociationValue,2,WriteDBLeaderboardAssociationValue,TRUE,,,P3=P1.SheetValueType,1;2;3;5;6,FE_1:RankSheet,,,,,module/31,
959,绑定CustomPlayer,,data/1,,,,BindCustomPlayer,3,BindCustomPlayer,,,,,,,,,,,data/3,
960,解绑CustomPlayer,,data/1,,,,UnbindCustomPlayer,3,UnbindCustomPlayer,,,,,,,,,,,data/3,
961,移动CustomPlayer,,data/1,,,,MoveCustomPlayer,3,MoveCustomPlayer,,,,,,,,,,,data/3,
962,设置CustomPlayer状态,,data/1,,,,SetCustomPlayerState,3,SetCustomPlayerState,,,,,,,,,,,data/3,
963,获取CustomPlayer状态,,data/1,,,,GetCustomPlayerState,3,GetCustomPlayerState,,,,,,,,,,,data/3,
964,从Persona收到Action,2,event/1,,,,OnReceiveActionIDFromPersona,1,OnReceiveActionIDFromPersona,TRUE,,,,,,,,,,event,
965,按战场码写入数据库中排行榜表和关联表值,2,data,,,,WriteDBLeaderboardAssociationValueByWorkshopCode,2,WriteDBLeaderboardAssociationValue,TRUE,,,,,,,,,,module/31,
966,设置玩家之间距离语音音量,,game/1,,,,SetDistanceVolumes,2,SetDistanceVolumes,TRUE,,,,,,,,,,module/40,
967,获取好友ID,,data/5,,,,GetFriends,3,GetFriends,,,,,,,,,,,module/14,
968,用户自定义事件,1,event,,,,UserCustomEvent,1,UserCustomEvent,,TRUE,,,,,,,,,,
969,触发用户自定义事件,1,game,,,,DispatchUserCustomEvent,2,DispatchUserCustomEvent,,TRUE,,,,,,,,,,
970,获取默认界面位置,,entity/2,,,,GetDefaultUIPosition,2,GetDefaultUIPosition,TRUE,,,,,,,,,,module/11,
971,收到persona创房结果,2,event/1,,,,OnReceivePersonaCreateRoomResult,1,OnReceivePersonaCreateRoomResult,TRUE,,,,,,,,,,event,
972,玩家退出或玩家比赛结束时,,event/1,,,,OnUserQuitOrUserMacthEnd,1,OnUserQuitOrUserMacthEnd,TRUE,,,,,,,,,,event,
